base class,sub class
mypy.test.test_find_sources.FakeFSCache,mypy.fscache.FileSystemCache
mypy.ipc.IPCClient,mypy.ipc.IPCBase
mypy.ipc.IPCServer,mypy.ipc.IPCBase
mypy.semanal_typeargs.TypeArgumentAnalyzer,mypy.mixedtraverser.MixedTraverserVisitor
mypy.stubgen.ReferenceFinder,mypy.mixedtraverser.MixedTraverserVisitor
mypy.nodes.Node,mypy.nodes.Context
mypy.types.Type,mypy.nodes.Context
mypy.nodes.Argument,mypy.nodes.Node
mypy.nodes.Expression,mypy.nodes.Node
mypy.nodes.FuncBase,mypy.nodes.Node
mypy.nodes.Statement,mypy.nodes.Node
mypy.nodes.SymbolNode,mypy.nodes.Node
mypy.nodes.AssertStmt,mypy.nodes.Statement
mypy.nodes.AssignmentStmt,mypy.nodes.Statement
mypy.nodes.Block,mypy.nodes.Statement
mypy.nodes.BreakStmt,mypy.nodes.Statement
mypy.nodes.ClassDef,mypy.nodes.Statement
mypy.nodes.ContinueStmt,mypy.nodes.Statement
mypy.nodes.Decorator,mypy.nodes.Statement
mypy.nodes.DelStmt,mypy.nodes.Statement
mypy.nodes.ExecStmt,mypy.nodes.Statement
mypy.nodes.ExpressionStmt,mypy.nodes.Statement
mypy.nodes.ForStmt,mypy.nodes.Statement
mypy.nodes.FuncDef,mypy.nodes.Statement
mypy.nodes.GlobalDecl,mypy.nodes.Statement
mypy.nodes.IfStmt,mypy.nodes.Statement
mypy.nodes.ImportBase,mypy.nodes.Statement
mypy.nodes.NonlocalDecl,mypy.nodes.Statement
mypy.nodes.OperatorAssignmentStmt,mypy.nodes.Statement
mypy.nodes.OverloadedFuncDef,mypy.nodes.Statement
mypy.nodes.PassStmt,mypy.nodes.Statement
mypy.nodes.PrintStmt,mypy.nodes.Statement
mypy.nodes.RaiseStmt,mypy.nodes.Statement
mypy.nodes.ReturnStmt,mypy.nodes.Statement
mypy.nodes.TryStmt,mypy.nodes.Statement
mypy.nodes.WhileStmt,mypy.nodes.Statement
mypy.nodes.WithStmt,mypy.nodes.Statement
mypy.nodes.AssignmentExpr,mypy.nodes.Expression
mypy.nodes.AwaitExpr,mypy.nodes.Expression
mypy.nodes.BackquoteExpr,mypy.nodes.Expression
mypy.nodes.BytesExpr,mypy.nodes.Expression
mypy.nodes.CallExpr,mypy.nodes.Expression
mypy.nodes.CastExpr,mypy.nodes.Expression
mypy.nodes.ComparisonExpr,mypy.nodes.Expression
mypy.nodes.ComplexExpr,mypy.nodes.Expression
mypy.nodes.ConditionalExpr,mypy.nodes.Expression
mypy.nodes.DictExpr,mypy.nodes.Expression
mypy.nodes.DictionaryComprehension,mypy.nodes.Expression
mypy.nodes.EllipsisExpr,mypy.nodes.Expression
mypy.nodes.EnumCallExpr,mypy.nodes.Expression
mypy.nodes.FakeExpression,mypy.nodes.Expression
mypy.nodes.FloatExpr,mypy.nodes.Expression
mypy.nodes.GeneratorExpr,mypy.nodes.Expression
mypy.nodes.IndexExpr,mypy.nodes.Expression
mypy.nodes.IntExpr,mypy.nodes.Expression
mypy.nodes.LambdaExpr,mypy.nodes.Expression
mypy.nodes.ListComprehension,mypy.nodes.Expression
mypy.nodes.ListExpr,mypy.nodes.Expression
mypy.nodes.NamedTupleExpr,mypy.nodes.Expression
mypy.nodes.NewTypeExpr,mypy.nodes.Expression
mypy.nodes.OpExpr,mypy.nodes.Expression
mypy.nodes.PromoteExpr,mypy.nodes.Expression
mypy.nodes.RefExpr,mypy.nodes.Expression
mypy.nodes.RevealExpr,mypy.nodes.Expression
mypy.nodes.SetComprehension,mypy.nodes.Expression
mypy.nodes.SetExpr,mypy.nodes.Expression
mypy.nodes.SliceExpr,mypy.nodes.Expression
mypy.nodes.StarExpr,mypy.nodes.Expression
mypy.nodes.StrExpr,mypy.nodes.Expression
mypy.nodes.SuperExpr,mypy.nodes.Expression
mypy.nodes.TempNode,mypy.nodes.Expression
mypy.nodes.TupleExpr,mypy.nodes.Expression
mypy.nodes.TypeAliasExpr,mypy.nodes.Expression
mypy.nodes.TypeApplication,mypy.nodes.Expression
mypy.nodes.TypeVarLikeExpr,mypy.nodes.Expression
mypy.nodes.TypedDictExpr,mypy.nodes.Expression
mypy.nodes.UnaryExpr,mypy.nodes.Expression
mypy.nodes.UnicodeExpr,mypy.nodes.Expression
mypy.nodes.YieldExpr,mypy.nodes.Expression
mypy.nodes.YieldFromExpr,mypy.nodes.Expression
mypy.nodes.Import,mypy.nodes.ImportBase
mypy.nodes.ImportAll,mypy.nodes.ImportBase
mypy.nodes.ImportFrom,mypy.nodes.ImportBase
mypy.nodes.FuncDef,mypy.nodes.FuncItem
mypy.nodes.LambdaExpr,mypy.nodes.FuncItem
mypy.nodes.MemberExpr,mypy.nodes.RefExpr
mypy.nodes.NameExpr,mypy.nodes.RefExpr
mypy.nodes.ParamSpecExpr,mypy.nodes.TypeVarLikeExpr
mypy.nodes.TypeVarExpr,mypy.nodes.TypeVarLikeExpr
mypy.nodes.FakeInfo,mypy.nodes.TypeInfo
mypy.plugin.ChainedPlugin,mypy.plugin.Plugin
type_anal_hook.TypeAnalyzePlugin,mypy.plugin.Plugin
common_api_incremental.DynPlugin,mypy.plugin.Plugin
arg_names.ArgNamesPlugin,mypy.plugin.Plugin
arg_kinds.ArgKindsPlugin,mypy.plugin.Plugin
plugin2.Plugin2,mypy.plugin.Plugin
fnplugin.MyPlugin,mypy.plugin.Plugin
fully_qualified_test_hook.FullyQualifiedTestPlugin,mypy.plugin.Plugin
function_sig_hook.FunctionSigPlugin,mypy.plugin.Plugin
union_method.MethodPlugin,mypy.plugin.Plugin
dyn_class.DynPlugin,mypy.plugin.Plugin
attrhook2.AttrPlugin,mypy.plugin.Plugin
mypyc.codegen.emitmodule.MypycPlugin,mypy.plugin.Plugin
decimal_to_int.MyPlugin,mypy.plugin.Plugin
attrhook.AttrPlugin,mypy.plugin.Plugin
customize_mro.DummyPlugin,mypy.plugin.Plugin
named_callable.MyPlugin,mypy.plugin.Plugin
class_callable.AttrPlugin,mypy.plugin.Plugin
mypy.plugins.default.DefaultPlugin,mypy.plugin.Plugin
mypy.suggestions.SuggestionPlugin,mypy.plugin.Plugin
method_in_decorator.MethodDecoratorPlugin,mypy.plugin.Plugin
customentry.MyPlugin,mypy.plugin.Plugin
depshook.DepsPlugin,mypy.plugin.Plugin
config_data.ConfigDataPlugin,mypy.plugin.Plugin
callable_instance.CallableInstancePlugin,mypy.plugin.Plugin
method_sig_hook.MethodSigPlugin,mypy.plugin.Plugin
dyn_class_from_method.DynPlugin,mypy.plugin.Plugin
descriptor.DescriptorPlugin,mypy.plugin.Plugin
proper_plugin.ProperTypePlugin,mypy.plugin.Plugin
mypy.report.XmlReporter,mypy.report.AbstractXmlReporter
mypy.report.XsltHtmlReporter,mypy.report.AbstractXmlReporter
mypy.report.XsltTxtReporter,mypy.report.AbstractXmlReporter
mypy.stats.HasAnyQuery2,mypy.stats.HasAnyQuery
mypy.test.testfinegrainedcache.FineGrainedCacheSuite,mypy.test.testfinegrained.FineGrainedSuite
mypy.test.teststubgen.TestClass,mypy.test.teststubgen.TestBaseClass
mypy.test.typefixture.InterfaceTypeFixture,mypy.test.typefixture.TypeFixture
mypy.traverser.FuncCollectorBase,mypy.traverser.TraverserVisitor
mypy.traverser.ReturnSeeker,mypy.traverser.TraverserVisitor
mypy.traverser.YieldSeeker,mypy.traverser.TraverserVisitor
mypy.reachability.MarkImportsMypyOnlyVisitor,mypy.traverser.TraverserVisitor
mypy.reachability.MarkImportsUnreachableVisitor,mypy.traverser.TraverserVisitor
mypy.server.subexpr.SubexpressionFinder,mypy.traverser.TraverserVisitor
mypyc.irbuild.prepare.SingledispatchVisitor,mypy.traverser.TraverserVisitor
mypy.renaming.VariableRenameVisitor,mypy.traverser.TraverserVisitor
mypy.freetree.TreeFreer,mypy.traverser.TraverserVisitor
mypy.semanal_pass1.SemanticAnalyzerPreAnalysis,mypy.traverser.TraverserVisitor
mypy.stats.StatisticsVisitor,mypy.traverser.TraverserVisitor
mypy.server.aststrip.NodeStripVisitor,mypy.traverser.TraverserVisitor
mypy.server.astmerge.NodeReplaceVisitor,mypy.traverser.TraverserVisitor
mypy.suggestions.ArgUseFinder,mypy.traverser.TraverserVisitor
mypy.suggestions.ReturnFinder,mypy.traverser.TraverserVisitor
mypy.server.deps.DependencyVisitor,mypy.traverser.TraverserVisitor
mypy.test.visitors.SkippedNodeSearcher,mypy.traverser.TraverserVisitor
mypy.treetransform.FuncMapInitializer,mypy.traverser.TraverserVisitor
mypy.report.FuncCounterVisitor,mypy.traverser.TraverserVisitor
mypy.report.LineCoverageVisitor,mypy.traverser.TraverserVisitor
mypy.mixedtraverser.MixedTraverserVisitor,mypy.traverser.TraverserVisitor
mypyc.irbuild.prebuildvisitor.PreBuildVisitor,mypy.traverser.TraverserVisitor
mypy.stubgen.SelfTraverser,mypy.traverser.TraverserVisitor
mypy.stubgen.StubGenerator,mypy.traverser.TraverserVisitor
mypy.stubgen.DefinitionFinder,mypy.traverser.TraverserVisitor
mypy.traverser.ReturnCollector,mypy.traverser.FuncCollectorBase
mypy.traverser.YieldCollector,mypy.traverser.FuncCollectorBase
mypy.test.visitors.TypeAssertTransformVisitor,mypy.treetransform.TransformVisitor
mypy.checker.TypeTransformVisitor,mypy.treetransform.TransformVisitor
mypy.semanal.HasPlaceholders,mypy.type_visitor.TypeQuery
mypy.constraints.CompleteTypeVisitor,mypy.type_visitor.TypeQuery
mypy.typeanal.TypeVarLikeQuery,mypy.type_visitor.TypeQuery
mypy.typeanal.HasExplicitAny,mypy.type_visitor.TypeQuery
mypy.typeanal.HasAnyFromUnimportedType,mypy.type_visitor.TypeQuery
mypy.typeanal.CollectAnyTypesQuery,mypy.type_visitor.TypeQuery
mypy.typeanal.CollectAllInnerTypesQuery,mypy.type_visitor.TypeQuery
mypy.stats.HasAnyQuery,mypy.type_visitor.TypeQuery
mypy.types.HasTypeVars,mypy.type_visitor.TypeQuery
mypy.checkexpr.ArgInferSecondPassQuery,mypy.type_visitor.TypeQuery
mypy.checkexpr.HasAnyType,mypy.type_visitor.TypeQuery
mypy.checkexpr.HasErasedComponentsQuery,mypy.type_visitor.TypeQuery
mypy.checkexpr.HasTypeVarQuery,mypy.type_visitor.TypeQuery
mypy.checkexpr.HasUninhabitedComponentsQuery,mypy.type_visitor.TypeQuery
mypy.typeops.TypeVarExtractor,mypy.type_visitor.TypeQuery
mypy.checker.NothingSeeker,mypy.type_visitor.TypeQuery
mypy.types.AnyType,mypy.types.ProperType
mypy.types.CallableArgument,mypy.types.ProperType
mypy.types.DeletedType,mypy.types.ProperType
mypy.types.EllipsisType,mypy.types.ProperType
mypy.types.ErasedType,mypy.types.ProperType
mypy.types.FunctionLike,mypy.types.ProperType
mypy.types.Instance,mypy.types.ProperType
mypy.types.LiteralType,mypy.types.ProperType
mypy.types.NoneType,mypy.types.ProperType
mypy.types.PartialType,mypy.types.ProperType
mypy.types.PlaceholderType,mypy.types.ProperType
mypy.types.RawExpressionType,mypy.types.ProperType
mypy.types.StarType,mypy.types.ProperType
mypy.types.TupleType,mypy.types.ProperType
mypy.types.TypeList,mypy.types.ProperType
mypy.types.TypeType,mypy.types.ProperType
mypy.types.TypeVarLikeType,mypy.types.ProperType
mypy.types.TypedDictType,mypy.types.ProperType
mypy.types.UnboundType,mypy.types.ProperType
mypy.types.UninhabitedType,mypy.types.ProperType
mypy.types.UnionType,mypy.types.ProperType
mypy.stubgen.AnnotationPrinter,mypy.types.TypeStrVisitor
mypy.suggestions.TypeFormatter,mypy.types.TypeStrVisitor
mypy.typeanal.InstanceFixer,mypy.typetraverser.TypeTraverserVisitor
mypy.messages.CollectAllInstancesQuery,mypy.typetraverser.TypeTraverserVisitor
mypy.mixedtraverser.MixedTraverserVisitor,mypy.typetraverser.TypeTraverserVisitor
mypy.stubgen.AliasPrinter,mypy.visitor.NodeVisitor
mypy.fixup.NodeFixer,mypy.visitor.NodeVisitor
mypy.strconv.StrConv,mypy.visitor.NodeVisitor
mypy.traverser.TraverserVisitor,mypy.visitor.NodeVisitor
mypy.semanal.SemanticAnalyzer,mypy.visitor.NodeVisitor
mypy.treetransform.TransformVisitor,mypy.visitor.NodeVisitor
mypy.checker.TypeChecker,mypy.visitor.NodeVisitor
mypyc.codegen.emit.AssignHandler,mypyc.codegen.emit.ErrorHandler
mypyc.codegen.emit.GotoHandler,mypyc.codegen.emit.ErrorHandler
mypyc.codegen.emit.ReturnHandler,mypyc.codegen.emit.ErrorHandler
mypyc.ir.ops.Integer,mypyc.ir.ops.Value
mypyc.ir.ops.Op,mypyc.ir.ops.Value
mypyc.ir.ops.Register,mypyc.ir.ops.Value
mypyc.ir.ops.Branch,mypyc.ir.ops.ControlOp
mypyc.ir.ops.Goto,mypyc.ir.ops.ControlOp
mypyc.ir.ops.Return,mypyc.ir.ops.ControlOp
mypyc.ir.ops.Unreachable,mypyc.ir.ops.ControlOp
mypyc.ir.ops.Box,mypyc.ir.ops.RegisterOp
mypyc.ir.ops.Call,mypyc.ir.ops.RegisterOp
mypyc.ir.ops.CallC,mypyc.ir.ops.RegisterOp
mypyc.ir.ops.Cast,mypyc.ir.ops.RegisterOp
mypyc.ir.ops.ComparisonOp,mypyc.ir.ops.RegisterOp
mypyc.ir.ops.DecRef,mypyc.ir.ops.RegisterOp
mypyc.ir.ops.GetAttr,mypyc.ir.ops.RegisterOp
mypyc.ir.ops.GetElementPtr,mypyc.ir.ops.RegisterOp
mypyc.ir.ops.IncRef,mypyc.ir.ops.RegisterOp
mypyc.ir.ops.InitStatic,mypyc.ir.ops.RegisterOp
mypyc.ir.ops.IntOp,mypyc.ir.ops.RegisterOp
mypyc.ir.ops.KeepAlive,mypyc.ir.ops.RegisterOp
mypyc.ir.ops.LoadAddress,mypyc.ir.ops.RegisterOp
mypyc.ir.ops.LoadErrorValue,mypyc.ir.ops.RegisterOp
mypyc.ir.ops.LoadGlobal,mypyc.ir.ops.RegisterOp
mypyc.ir.ops.LoadLiteral,mypyc.ir.ops.RegisterOp
mypyc.ir.ops.LoadMem,mypyc.ir.ops.RegisterOp
mypyc.ir.ops.LoadStatic,mypyc.ir.ops.RegisterOp
mypyc.ir.ops.MethodCall,mypyc.ir.ops.RegisterOp
mypyc.ir.ops.RaiseStandardError,mypyc.ir.ops.RegisterOp
mypyc.ir.ops.SetAttr,mypyc.ir.ops.RegisterOp
mypyc.ir.ops.Truncate,mypyc.ir.ops.RegisterOp
mypyc.ir.ops.TupleGet,mypyc.ir.ops.RegisterOp
mypyc.ir.ops.TupleSet,mypyc.ir.ops.RegisterOp
mypyc.ir.ops.Unbox,mypyc.ir.ops.RegisterOp
mypyc.irbuild.visitor.IRBuilderVisitor,mypyc.irbuild.builder.IRVisitor
mypyc.irbuild.context.GeneratorClass,mypyc.irbuild.context.ImplicitClass
mypyc.irbuild.for_helpers.ForDictionaryCommon,mypyc.irbuild.for_helpers.ForGenerator
mypyc.irbuild.for_helpers.ForEnumerate,mypyc.irbuild.for_helpers.ForGenerator
mypyc.irbuild.for_helpers.ForInfiniteCounter,mypyc.irbuild.for_helpers.ForGenerator
mypyc.irbuild.for_helpers.ForIterable,mypyc.irbuild.for_helpers.ForGenerator
mypyc.irbuild.for_helpers.ForRange,mypyc.irbuild.for_helpers.ForGenerator
mypyc.irbuild.for_helpers.ForSequence,mypyc.irbuild.for_helpers.ForGenerator
mypyc.irbuild.for_helpers.ForZip,mypyc.irbuild.for_helpers.ForGenerator
mypyc.irbuild.for_helpers.ForDictionaryItems,mypyc.irbuild.for_helpers.ForDictionaryCommon
mypyc.irbuild.for_helpers.ForDictionaryKeys,mypyc.irbuild.for_helpers.ForDictionaryCommon
mypyc.irbuild.for_helpers.ForDictionaryValues,mypyc.irbuild.for_helpers.ForDictionaryCommon
mypyc.irbuild.nonlocalcontrol.GeneratorNonlocalControl,mypyc.irbuild.nonlocalcontrol.BaseNonlocalControl
mypyc.irbuild.targets.AssignmentTargetAttr,mypyc.irbuild.targets.AssignmentTarget
mypyc.irbuild.targets.AssignmentTargetIndex,mypyc.irbuild.targets.AssignmentTarget
mypyc.irbuild.targets.AssignmentTargetRegister,mypyc.irbuild.targets.AssignmentTarget
mypyc.irbuild.targets.AssignmentTargetTuple,mypyc.irbuild.targets.AssignmentTarget
ir.bool,ir.int
ir.Exception,ir.BaseException
ir.AttributeError,ir.Exception
ir.ImportError,ir.Exception
ir.LookupError,ir.Exception
ir.NameError,ir.Exception
ir.RuntimeError,ir.Exception
ir.StopIteration,ir.Exception
ir.TypeError,ir.Exception
ir.ValueError,ir.Exception
ir.Warning,ir.Exception
pyexpat.ExpatError,ir.Exception
xml.sax._exceptions.SAXException,ir.Exception
ir.UserWarning,ir.Warning
ir.IndexError,ir.LookupError
ir.KeyError,ir.LookupError
ir.NotImplementedError,ir.RuntimeError
ir.UnicodeDecodeError,ir.RuntimeError
ir.UnicodeEncodeError,ir.RuntimeError
mypyc.test.test_run.TestRunMultiFile,mypyc.test.test_run.TestRun
mypyc.test.test_run.TestRunSeparate,mypyc.test.test_run.TestRun
mypyc.test.test_irbuild.TestGenOps,mypyc.test.testutil.MypycDataSuite
mypyc.test.test_analysis.TestAnalysis,mypyc.test.testutil.MypycDataSuite
mypyc.test.test_refcount.TestRefCountTransform,mypyc.test.testutil.MypycDataSuite
mypyc.test.test_run.TestRun,mypyc.test.testutil.MypycDataSuite
mypyc.test.test_commandline.TestCommandLine,mypyc.test.testutil.MypycDataSuite
mypyc.test.test_exceptions.TestExceptionTransform,mypyc.test.testutil.MypycDataSuite
random.SystemRandom,random.Random
random.Random,random.Random
random.Random,random.Random
test.support.TestFailed,test.support.Error
test.test_genericpath.CommonTest,test.test_genericpath.GenericTest
test.test_random.MersenneTwister_TestBasicOps,test.test_random.TestBasicOps
test.test_random.SystemRandom_TestBasicOps,test.test_random.TestBasicOps
test.test_set.TestFrozenSetSubclass,test.test_set.TestFrozenSet
test.test_set.TestBasicOpsBytes,test.test_set.TestBasicOps
test.test_set.TestBasicOpsEmpty,test.test_set.TestBasicOps
test.test_set.TestBasicOpsMixedStringBytes,test.test_set.TestBasicOps
test.test_set.TestBasicOpsSingleton,test.test_set.TestBasicOps
test.test_set.TestBasicOpsString,test.test_set.TestBasicOps
test.test_set.TestBasicOpsTriple,test.test_set.TestBasicOps
test.test_set.TestBasicOpsTuple,test.test_set.TestBasicOps
test.test_set.TestOnlySetsDict,test.test_set.TestOnlySetsInBinaryOps
test.test_set.TestOnlySetsGenerator,test.test_set.TestOnlySetsInBinaryOps
test.test_set.TestOnlySetsNumeric,test.test_set.TestOnlySetsInBinaryOps
test.test_set.TestOnlySetsOperator,test.test_set.TestOnlySetsInBinaryOps
test.test_set.TestOnlySetsString,test.test_set.TestOnlySetsInBinaryOps
test.test_set.TestOnlySetsTuple,test.test_set.TestOnlySetsInBinaryOps
test.test_set.TestCopyingEmpty,test.test_set.TestCopying
test.test_set.TestCopyingNested,test.test_set.TestCopying
test.test_set.TestCopyingSingleton,test.test_set.TestCopying
test.test_set.TestCopyingTriple,test.test_set.TestCopying
test.test_set.TestCopyingTuple,test.test_set.TestCopying
test.test_tempfile.test_NamedTemporaryFile,test.test_tempfile.TC
test.test_tempfile.test_SpooledTemporaryFile,test.test_tempfile.TC
test.test_tempfile.test_TemporaryDirectory,test.test_tempfile.TC
test.test_tempfile.test_TemporaryFile,test.test_tempfile.TC
test.test_tempfile.test__RandomNameSequence,test.test_tempfile.TC
test.test_tempfile.test__candidate_tempdir_list,test.test_tempfile.TC
test.test_tempfile.test__get_candidate_names,test.test_tempfile.TC
test.test_tempfile.test__mkstemp_inner,test.test_tempfile.TC
test.test_tempfile.test_exports,test.test_tempfile.TC
test.test_tempfile.test_gettempdir,test.test_tempfile.TC
test.test_tempfile.test_gettempprefix,test.test_tempfile.TC
test.test_tempfile.test_mkdtemp,test.test_tempfile.TC
test.test_tempfile.test_mkstemp,test.test_tempfile.TC
test.test_tempfile.test_mktemp,test.test_tempfile.TC
test.test_textwrap.IndentTestCases,test.test_textwrap.BaseTestCase
test.test_textwrap.LongWordTestCase,test.test_textwrap.BaseTestCase
test.test_textwrap.WrapTestCase,test.test_textwrap.BaseTestCase
