e315abb586338b20e4a0f4097e85bb6c8e640797,Renzhi,2019-12-26 17:28:15 +0800,,inter/GetRandCode.py,1,1
93c6db471ce520f383bd854a971d76386911a896,Renzhi,2019-12-26 16:27:37 +0800,,inter/GetRandCode.py,2,1
663b07303cb9b5ee75f2e28262b0da469073a9f9,xianping.wen,2019-12-20 13:34:03 +0800,537,config/getCookie.py,2,0
0cfefe239d4c544ff5929c3ef057de770ace8042,xianping.wen,2019-12-20 13:06:49 +0800,,TickerConfig.py;init/select_ticket_info.py;myUrllib/httpUtils.py,11;1;15,9;1;8
04a2716b8e88e0b9bc67569b926730d42f0a9ae1,xianping.wen,2019-12-19 13:34:21 +0800,,TickerConfig.py;agency/cdn_utils.py;init/select_ticket_info.py;inter/GetPassCodeNewOrderAndLogin.py;inter/Query.py,13;20;4;1;3,13;4;4;1;1
008c7ecd420d563a7cfbd825e74560d8ff04adaa,xianping.wen,2019-12-19 09:18:11 +0800,,inter/Query.py,2,2
88a19416bcfbbd625db04b381adf2b7a00e0b704,xianping.wen,2019-12-18 16:25:20 +0800,,UnitTest/TestAll.py;init/select_ticket_info.py,10;15,10;12
7c9ad86b6c66a6a918cd58f33611d586100e9ca9,xianping.wen,2019-12-18 10:40:39 +0800,,TickerConfig.py;agency/cdn_utils.py;init/select_ticket_info.py,2;1;1,2;1;1
4973de33c2c38ad6f0e8b3dbacff7d92201cf3e3,xianping.wen,2019-12-18 09:30:06 +0800,,TickerConfig.py;agency/cdn_utils.py;init/select_ticket_info.py;inter/AutoSubmitOrderRequest.py;inter/ChechFace.py;inter/GetPassengerDTOs.py;inter/Query.py;inter/SubmitOrderRequest.py,3;5;4;2;2;2;2;2,3;1;4;2;2;2;2;2
9d70f8352d024daba2e364bbef7ba72963090440,xianping.wen,2019-12-17 19:55:44 +0800,,TickerConfig.py;UnitTest/TestAll.py;agency/cdn_utils.py;config/urlConf.py;init/login.py;init/select_ticket_info.py;inter/Query.py;run.py,12;16;64;42;0;3;2;24,11;0;71;62;8;38;3;15
05f14860c975c67460da7b3efb59db073d7a635f,Jingfeng Zhou,2019-12-14 18:41:25 +0800,,inter/LiftTicketInit.py,9,2
8258d3d910dee305d58e2f03d7b48d67f42b7da6,liubo,2019-12-12 13:20:11 +0800,,TickerConfig.py,2,2
7ff3ac6d13f7878a7c7ee2fabcf3883272f90ad3,liubo,2019-12-12 13:07:36 +0800,,TickerConfig.py;config/getCookie.py,3;9,0;1
39e777e7e36939241e2742ef1e0659cebae4d74a,xianping.wen,2019-12-14 17:17:51 +0800,,UnitTest/TestAll.py;config/configCommon.py;init/login.py;init/select_ticket_info.py;inter/ConfirmSingleForQueue.py;inter/GetQueueCount.py;inter/GetQueueCountAsync.py;inter/PassengerInitApi.py,2;1;0;1;0;17;7;8,2;1;4;1;1;3;1;0
04a4a2604fc12da8fe0658b58fd2a2e49876679c,xianping.wen,2019-10-23 12:21:33 +0800,,TickerConfig.py,6,6
3708c4d84bf53c028de95903e7b6377252ac19f1,xianping.wen,2019-10-17 09:51:16 +0800,,TickerConfig.py;UnitTest/TestAll.py;config/getCookie.py;inter/ChechFace.py;myUrllib/httpUtils.py,9;2;1;0;12,10;2;1;2;4
df6125281b57e44789fd54cea5bc3dc38577e036,xianping.wen,2019-10-17 09:35:52 +0800,,TickerConfig.py,1,1
960c9a01e7aa43f016a8d9dcf58cfaeed271e752,YinAoXiong,2019-10-17 01:31:17 +0800,,TickerConfig.py;config/urlConf.py,9;4,0;4
151a9a87a1339df105c94924608f9041c27326b8,xianping.wen,2019-10-15 11:52:34 +0800,,TickerConfig.py,1,1
264f88a5650b87acdac459bd7ece0300d6c68bce,xianping.wen,2019-10-14 10:11:40 +0800,,TickerConfig.py;config/getCookie.py;inter/AutoSubmitOrderRequest.py,25;10;4,16;0;3
61401f9d2b87091b74f104f67d47ab7a5e67d5e3,xianping.wen,2019-10-09 13:46:48 +0800,,config/emailConf.py;init/select_ticket_info.py,22;4,21;3
78693cdd14f688c1af7e2e921e81c216517f42fc,xianping.wen,2019-09-30 10:06:30 +0800,,config/urlConf.py,3,3
b2f9ce65f199b33f4441ce8d2e33101336cc080e,xianping.wen,2019-09-27 17:00:18 +0800,,UnitTest/TestAll.py;config/urlConf.py;inter/GetRandCode.py;verify/localVerifyCode.py,21;1;4;2,1;1;1;2
e12a3f3897b661eab75cf698c1112c9250692efd,xianping.wen,2019-09-27 12:18:52 +0800,,config/urlConf.py,1,1
d7f1172272b975a326cf8e7008d9a0342f7b2c0d,xianping.wen,2019-09-25 10:49:24 +0800,,UnitTest/TestAll.py;inter/GetRandCode.py;verify/localVerifyCode.py,15;4;73,0;2;39
bc337041d55aebdbd495d26d3b56d1b8ad4f9136,xianping.wen,2019-09-19 16:25:12 +0800,,inter/ChechFace.py,25,4
3b97e32d96f37892f73bff4d11ef891a7ec8bece,xianping.wen,2019-09-18 20:31:11 +0800,,TickerConfig.py;inter/Query.py,9;1,12;1
0381e09bd99ad9d14476b068677deaba8e9aad01,xianping.wen,2019-09-18 12:46:38 +0800,,inter/Query.py,14,6
288eeffb733c57c3b84a1c44c47dc22c4c993b74,xianping.wen,2019-09-18 11:47:34 +0800,,TickerConfig.py,12,17
5fd9b8f8c9915e1b09eef414028886b14f431b05,xianping.wen,2019-09-18 09:52:55 +0800,,TickerConfig.py;config/urlConf.py;init/select_ticket_info.py;inter/GetRandCode.py;inter/Query.py;myUrllib/httpUtils.py;verify/localVerifyCode.py;verify/mlearn_for_image.py;verify/pretreatment.py,23;12;9;9;2;2;9;11;10,18;2;5;1;2;2;9;9;8
399f9b6626110f929c2f84105950d67c488b9d40,xianping.wen,2019-09-15 08:35:31 +0800,,TickerConfig.py;config/getCookie.py;config/urlConf.py;init/select_ticket_info.py;inter/CheckUser.py;inter/Query.py;myUrllib/httpUtils.py,11;0;3;4;2;10;2,7;1;3;3;2;1;2
e200c28a62a0dffde3f97a3d1cc0e5731573c17f,xianping.wen,2019-09-12 16:21:37 +0800,,config/urlConf.py;init/select_ticket_info.py,1;1,1;0
0bb941364b9f831bcfb7026d80f087ef102cf276,xianping.wen,2019-09-12 12:34:51 +0800,,TickerConfig.py;UnitTest/TestAll.py;myUrllib/httpUtils.py,4;10;17,1;0;6
fc2028c0cf15e0aa0cebc6244732859c39b8a57f,xianping.wen,2019-09-11 19:43:49 +0800,,inter/Query.py,0,1
9b97c0e6b95181a3dd979252036e186fed53ed7c,xianping.wen,2019-09-11 19:41:09 +0800,,TickerConfig.py;inter/CheckUser.py,7;4,5;3
7fa578762b9f7cdbd7bd9d4862ac68035cbb48ca,xianping.wen,2019-09-10 20:06:51 +0800,,TickerConfig.py,5,7
c9e9392f62c8914bb9e3407fe0867dd02b8b793f,xianping.wen,2019-09-10 14:21:56 +0800,,inter/Query.py,1,1
dad76820cbeb454de6a8fd9d8c15757aa96b3583,xianping.wen,2019-09-10 14:11:15 +0800,,TickerConfig.py,5,4
75da2b8c341b2948a91241b26614dda1b0fabb1c,xianping.wen,2019-09-10 13:54:30 +0800,,TickerConfig.py;config/getCookie.py;config/urlConf.py;init/login.py;init/select_ticket_info.py;inter/Query.py;myUrllib/httpUtils.py,9;5;1;1;4;1;4,11;0;1;1;2;0;1
6d7728b5a13875cd16e903ddcc22565a0ca2023e,xianping.wen,2019-09-10 10:42:30 +0800,,config/getCookie.py,3,3
ca7e95b96600bb11e7993919df817322edf75ac1,xianping.wen,2019-09-10 10:10:02 +0800,,init/select_ticket_info.py,2,2
2e1f94dbb9154e48537f3f5c35c37f0d5ccb83dc,xianping.wen,2019-09-09 19:33:23 +0800,,TickerConfig.py;UnitTest/TestAll.py;inter/GetQueueCount.py;inter/QueryOrderWaitTime.py;run.py,0;0;0;0;0,6;8;2;3;5
05f9bb1bbd61d096c4697ea7611ae0f285ad2cd9,xianping.wen,2019-09-09 14:26:18 +0800,,inter/PassengerInitApi.py,29,0
dba8fe0a5394eff5477a93c148bbddaef240eb88,xianping.wen,2019-09-09 14:16:51 +0800,,TickerConfig.py;config/urlConf.py;init/select_ticket_info.py;inter/ConfirmHB.py;inter/SubmitOrderRequest.py,6;11;1;3;4,10;0;1;2;2
8db4252d90c85007aa545c31843934d10245ee0f,xianping.wen,2019-09-09 11:02:49 +0800,,config/urlConf.py,1,1
414c9f7d24e6a62d330179a24c8799041e302fec,xianping.wen,2019-09-09 11:02:19 +0800,,config/urlConf.py,2,2
111321f12fd10d3566c97853f9023e864bb4d6f2,xianping.wen,2019-09-09 10:54:05 +0800,,TickerConfig.py;inter/Query.py,6;2,8;0
a89b918f98ee58c64bccf33294a199088c060569,jasonqiao36,2019-09-08 18:46:01 +0800,,UnitTest/TestAll.py;inter/GetQueueCount.py;inter/QueryOrderWaitTime.py,1;2;3,2;0;0
7a4b56ba91e5b0630ff5264ec68156b12cdd514f,jasonqiao36,2019-09-08 18:34:45 +0800,,TickerConfig.py;UnitTest/TestAll.py;config/serverchanConf.py;config/urlConf.py;run.py,7;10;36;13;6,0;0;0;0;1
7a26f8447a7d6b9fbeead349f2377fb26461b760,xianping.wen,2019-09-07 11:36:12 +0800,,TickerConfig.py;config/configCommon.py;init/select_ticket_info.py;inter/ChechFace.py;inter/CheckUser.py;inter/Query.py,10;1;2;6;1;13,9;1;2;1;1;18
4f7d9807eb5ceb5e757b46187b915803f7e074aa,文贤平,2019-09-05 14:51:14 +0800,,TickerConfig.py,1,1
2277c686cbde31121970f4171b9d7c1dd7770553,文贤平,2019-09-05 14:51:14 +0800,,TickerConfig.py,1,1
ad55d8f709af8cc67f5cce7ca11fb5727003d0b5,文贤平,2019-09-05 14:48:00 +0800,,TickerConfig.py;config/getCookie.py;init/login.py;init/select_ticket_info.py;myUrllib/httpUtils.py,9;162;1;1;3,5;13;136;1;2
f86f4877cc31d250fa913262207b0734731c00a5,文贤平,2019-09-05 11:44:02 +0800,,TickerConfig.py;config/configCommon.py;myUrllib/httpUtils.py,3;1;1,3;1;0
f970b3e73e2591727459148fa624327b8ff563a8,文贤平,2019-09-04 14:44:33 +0800,,TickerConfig.py,10,12
ba618e1c43790793f9f723c45ef6e6c73f3325c1,文贤平,2019-09-04 13:09:46 +0800,,TickerConfig.py,9,8
fc546ecadb164e44654579ad32b184952da5b77b,文贤平,2019-09-04 09:23:14 +0800,,TickerConfig.py;config/configCommon.py,8;1,8;1
fb85c552542f2fa7e8099d4a1b71d0260990ae60,文贤平,2019-09-04 09:20:25 +0800,,verify/localVerifyCode.py,2,1
b6e1f6d0719a33399d3148564fc102a71599c300,文贤平,2019-09-03 15:06:37 +0800,,TickerConfig.py,15,16
499f0fbda7e86a0f5433ea0fc51a1285e315f4d7,文贤平,2019-09-03 14:54:01 +0800,,TickerConfig.py;config/urlConf.py;init/login.py;init/select_ticket_info.py;inter/Query.py;myUrllib/httpUtils.py,16;1;139;3;19;3,14;1;0;2;18;4
8a68530f38eb8109d0cd7c07552e85af1b535680,文贤平,2019-09-03 11:49:42 +0800,,inter/ConfirmHB.py;inter/GetQueueCount.py;myUrllib/httpUtils.py,4;1;1,0;1;1
632c77388c3846bc20d82b5de29073a841eb8fb8,文贤平,2019-09-03 11:08:53 +0800,,TickerConfig.py;inter/GetPassCodeNewOrderAndLogin.py,5;3,6;0
6d9ebc9b8acf78c55c93127396ed63583abe7353,文贤平,2019-09-03 09:38:14 +0800,,TickerConfig.py;init/select_ticket_info.py;inter/ChechFace.py;inter/Query.py;inter/SubmitOrderRequest.py,9;5;1;3;1,4;14;1;4;1
28c3b37cbe823c4fbb4c51d11c820eb085fbfe7e,文贤平,2019-09-02 20:19:24 +0800,,TickerConfig.py;init/select_ticket_info.py;inter/GetPassengerDTOs.py;inter/Query.py,26;5;3;34,24;4;3;13
d31171ea29239320c353211330f76fd742b206d6,文贤平,2019-09-02 17:20:00 +0800,,config/emailConf.py,1,1
36e60d6082b200adb496a0dc96e0ba02c1573157,文贤平,2019-09-02 17:04:12 +0800,,TickerConfig.py;inter/ChechFace.py,9;7,10;0
ae830e7a1e4dc73284e3963a9973ff848cf3b287,文贤平,2019-09-02 15:27:09 +0800,,TickerConfig.py,16,12
689e018f543529783d26a1067ef6f19f9f864d95,文贤平,2019-09-02 15:21:06 +0800,,config/pushbearConf.py,2,2
66b43cfc1db78a8f4388b927735791356963e248,文贤平,2019-09-02 11:21:04 +0800,,init/select_ticket_info.py,1,1
45f511231c6b8df8d4cc92fc6b2edf8ca48f801e,文贤平,2019-09-01 14:45:32 +0800,,TickerConfig.py,9,9
7f711d02a69da1e04d66a680a9390d1a9b7185ec,文贤平,2019-09-01 14:41:37 +0800,,TickerConfig.py;config/getCookie.py;init/login.py;init/select_ticket_info.py;myUrllib/httpUtils.py,14;22;3;2;4,11;0;19;1;3
808c30208865ee23521c812057449456766b7d1a,文贤平,2019-09-01 12:41:25 +0800,,TickerConfig.py;UnitTest/TestAll.py;config/TicketEnmu.py;config/emailConf.py;config/pushbearConf.py;config/urlConf.py;init/login.py;init/select_ticket_info.py;inter/AutoSubmitOrderRequest.py;inter/ChechFace.py;inter/ConfirmHB.py;inter/ConfirmSingleForQueue.py;inter/GetPassengerDTOs.py;inter/GetQueueCount.py;inter/GetQueueCountAsync.py;inter/GetRandCode.py;inter/GetSuccessRate.py;inter/Query.py;inter/SubmitOrderRequest.py,119;0;2;25;3;62;3;61;1;37;43;1;30;31;4;1;41;71;42,0;1;1;31;7;1;4;114;2;0;0;2;22;4;4;8;0;94;3
4cd6cdc1d9077398bcfdaaa9e89b1b3585187826,文贤平,2019-09-01 09:00:06 +0800,,init/select_ticket_info.py,1,1
c5c9450ef58b56998510b9cedec21e6edadc3461,文贤平,2019-08-31 15:51:09 +0800,288,init/login.py;init/select_ticket_info.py,2;1,3;1
94e141429324c989f2b1d77dbd6dcc116dc119ed,文贤平,2019-08-31 15:38:02 +0800,,init/login.py;inter/CheckOrderInfo.py;inter/GetPassengerDTOs.py;inter/GetQueueCountAsync.py,8;3;2;1,6;3;2;1
f50e5971929f843616a002d2ab96721665030a2e,文贤平,2019-06-13 11:37:16 +0800,,verify/localVerifyCode.py,7,2
d0d552a5af7152651e9a524fa73c6b4bb414b698,文贤平,2019-06-11 19:22:45 +0800,,verify/localVerifyCode.py;verify/mlearn_for_image.py;verify/pretreatment.py,75;92;100,0;0;0
bd30d7e4570f33223aae11f37095025149da03e4,文贤平,2019-06-11 19:21:11 +0800,,config/urlConf.py;init/login.py;inter/CheckUser.py;inter/GetRandCode.py;myUrllib/httpUtils.py,1;2;4;9;0,1;12;4;13;1
fd2f691ce3a539c460ecbabc79f4f7af8591f43b,wenxianping,2019-04-23 20:20:19 +0800,,config/urlConf.py,1,1
986db2386c577fbcd31b596bc634701d325a4642,wenxianping,2019-04-15 21:28:54 +0800,,myUrllib/httpUtils.py,1,0
5f4f5d0fd55b5c41a215b8bcc4f9195041a6d01b,wenxianping,2019-04-07 22:30:28 +0800,256,inter/Query.py,17,10
2a7c84f210e9e46a16f9ee72508d0d044af71356,wenxianping,2019-04-04 22:52:00 +0800,,config/urlConf.py;init/login.py;inter/GetPassCodeNewOrderAndLogin.py,1;3;2,2;2;1
ccde952432d5dd1f25f46c2ff01a8ff5ded52cf8,wenxianping,2019-04-03 23:29:50 +0800,253,UnitTest/TestAll.py;config/urlConf.py;init/login.py;inter/GetPassCodeNewOrderAndLogin.py;inter/GetRandCode.py;myUrllib/MySocketUtils.py;myUrllib/httpUtils.py,1;66;50;38;2;1;2,1;6;20;1;1;1;0
b4c6c4f85888eb3ef1eb205b087037183fd24489,wenxianping,2019-04-01 21:29:44 +0800,,config/urlConf.py;init/login.py;inter/LoginAysnSuggest.py;inter/LoginConf.py,89;20;20;22,13;11;0;0
85b2e48330c14419e50bca63ca2eeaa233afe522,wenxianping,2019-03-27 14:40:04 +0800,,init/select_ticket_info.py,1,1
aa546ac692cc9348affaf5c8e192c16a093b0446,wenxianping,2019-01-24 17:59:21 +0800,,config/configCommon.py;init/select_ticket_info.py;inter/Query.py,30;3;1,21;3;1
35ec27b7d733eb3ad939761c42af1ffb0356470d,wenxianping,2019-01-24 09:38:43 +0800,,config/configCommon.py,3,3
e2c645f7f724fd1f11044aceda2848f1af90d3bb,wenxianping,2019-01-23 12:28:41 +0800,,init/select_ticket_info.py;inter/GetPassCodeNewOrderAndLogin.py;myUrllib/httpUtils.py,2;2;3,2;2;2
ae91368a261558ef4d572d825161fc011797c045,wenxianping,2019-01-17 17:37:36 +0800,,config/pushbearConf.py;init/login.py,1;4,1;4
8458017498b05fdfe78f003e26e04b02bf0c6402,wenxianping,2019-01-17 15:33:10 +0800,,agency/agency_tools.py;agency/cdn_utils.py;init/select_ticket_info.py;inter/GetPassCodeNewOrderAndLogin.py,1;1;1;1,1;1;1;1
3b70cdf0b7be6f4571463ac176c70bbdb95c8236,wenxianping,2019-01-16 22:15:19 +0800,,init/login.py,0,1
89ae08d130131ce06a7f4ab905b3750087783bd9,wenxianping,2019-01-16 21:20:56 +0800,,agency/agency_tools.py;agency/cdn_utils.py;config/configCommon.py;init/select_ticket_info.py;inter/GetPassCodeNewOrderAndLogin.py,13;15;15;6;6,6;6;0;2;1
810dbfadeaa66db35372071c2b5b0deae22e8f6f,wenxianping,2019-01-16 13:48:27 +0800,,run.py,7,1
6e78ccdb6eade427d878dd94d4e80acd5a2bb8d9,wenxianping,2019-01-16 13:24:56 +0800,,config/urlConf.py;inter/GetPassengerDTOs.py;inter/Query.py,12;1;1,0;1;1
e736b0fd23f51046f454989ed5b34bbeac830861,wenxianping,2019-01-16 11:19:32 +0800,,config/emailConf.py;config/pushbearConf.py;init/select_ticket_info.py;myUrllib/httpUtils.py,8;18;3;1,1;4;3;1
934e5ffd6a47f189babf2f0eb458661a812ad18d,fbigun,2019-01-14 22:35:36 +0800,,UnitTest/TestAll.py,1,1
2327d4e32331905f59b5651a9d2f126a58070591,wenxianping,2019-01-14 18:13:00 +0800,,init/select_ticket_info.py,8,1
2f071287a49ea30ff72c446f0d13c6500c01b1d5,wenxianping,2019-01-14 09:46:33 +0800,,config/configCommon.py;init/select_ticket_info.py;inter/Query.py,3;5;1,2;0;1
941cbe6831f2ce6af7fbb19b9411929ef4f4f3d9,wenxianping,2019-01-12 21:28:46 +0800,,init/select_ticket_info.py,118,118
271beb01700070e0342fc35588f4492fb881c49a,wenxianping,2019-01-12 17:47:37 +0800,,init/select_ticket_info.py;inter/ConfirmSingleForQueue.py,1;1,1;1
c68cc016e04259d2bba36d96bc74377df071e66e,wenxianping,2019-01-12 15:26:02 +0800,,agency/cdn_utils.py;config/AutoSynchroTime.py;config/urlConf.py;init/select_ticket_info.py;inter/AutoSubmitOrderRequest.py;inter/GetPassengerDTOs.py;inter/GetQueueCount.py;inter/GetQueueCountAsync.py;inter/Query.py;inter/SubmitOrderRequest.py,1;7;22;129;4;11;5;5;1;5,1;7;10;125;1;6;1;1;1;2
6c78809b4fef4d0fba4fd0a4690c9832cd3a5a49,kongkongyzt,2019-01-11 01:14:48 +0800,,UnitTest/TestAll.py,1,1
3da74df99c8c1548ff90a9a488c19e9253d71c7c,kongkongyzt,2019-01-11 01:11:18 +0800,,config/pushbearConf.py,1,1
1c5ba95ff879154e9e8d75a6e54b3a02099be5a5,kongkongyzt,2019-01-11 00:41:41 +0800,,UnitTest/TestAll.py;config/pushbearConf.py;inter/QueryOrderWaitTime.py,8;26;3,0;0;0
bc88a9e067c67a6efc68d8e349d1a8206773da21,kongkongyzt,2019-01-11 00:24:45 +0800,,config/pushbearConf.py,0,0
f4f0e7dfb3ac617c5148ccfd1558a01d5d706c68,paul,2019-01-09 16:45:49 +0800,,config/configCommon.py;inter/GetPassengerDTOs.py,1;1,0;0
25c33e413ed95ab4778f52638fcab3e17946cff5,paul,2019-01-09 15:18:59 +0800,,inter/Query.py,1,0
ad8066972bafdd23890cb989d89c6d4e9cad8e0f,wenxianping,2019-01-08 17:04:40 +0800,,UnitTest/TestAll.py;UnitTest/__init__.py;agency/agency_tools.py;config/TicketEnmu.py;config/emailConf.py;init/select_ticket_info.py;inter/GetPassCodeNewOrderAndLogin.py;inter/GetPassengerDTOs.py;inter/GetRandCode.py;inter/Query.py;myUrllib/httpUtils.py,50;0;31;2;1;10;1;1;1;1;8,0;0;13;2;1;6;1;0;0;1;1
8e97d1d1606a687b184faa476e7ce5578b749fcb,wenxianping,2019-01-08 10:22:46 +0800,,inter/GetRandCode.py,1,0
a9cf9c6c6ca7000b55ce914dc13f4c411d55a949,wenxianping,2019-01-08 09:48:18 +0800,,agency/cdn_utils.py;init/select_ticket_info.py;myUrllib/httpUtils.py,0;1;6,48;1;1
ac69e2c9e04e64fe60c7751cd37b9bd0ddcad293,wenxianping,2019-01-07 22:54:46 +0800,,myUrllib/httpUtils.py,1,1
dedc49120396f3ff19ae9600afcd18cca631ba3f,pyfaith,2019-01-07 18:51:27 +0800,,inter/Query.py,1,1
e6ce310eca63bf0652101ef1e8509f179b785e62,wenxianping,2019-01-07 17:48:41 +0800,,config/configCommon.py;inter/GetPassCodeNewOrderAndLogin.py;inter/GetRandCode.py,10;2;2,10;2;2
4c1ab61b7b43c19a6c995cecc4c41b379328a124,cclauss,2019-01-07 09:45:38 +0100,,inter/GetRandCode.py,1,1
3ca6f13d06344d36c6f6aebcaf65ca4c87af15a7,cclauss,2019-01-07 09:34:44 +0100,,inter/GetRandCode.py,1,1
4371b0b3b013cffb570e9226da12b53cada92ef1,cclauss,2019-01-07 09:11:31 +0100,,agency/cdn_utils.py,4,2
378bb75bf8ca2d80a35e243bffefa8bb56e539be,cclauss,2019-01-07 09:09:26 +0100,,init/select_ticket_info.py,4,1
252ca4002c4378e8935048362a89b48f1a2ddcdf,cclauss,2019-01-07 09:04:01 +0100,,inter/GetPassengerDTOs.py,5,0
342bebc7330d532d499b54726798845f2e36f850,cclauss,2019-01-07 08:58:43 +0100,,inter/GetRandCode.py,5,0
ec38172b3dcba2ae15ebc0a5b5528619e89824bf,wenxianping,2019-01-07 11:57:53 +0800,,init/select_ticket_info.py,1,1
2df57447d3a809d9458c172529daa4f0c9d39296,wenxianping,2019-01-07 11:54:47 +0800,,agency/cdn_utils.py;inter/GetRandCode.py,13;0,4;27
a78683bad29e67af19b16cb497b627c31eea1ce2,wenxianping,2019-01-07 11:44:06 +0800,,init/select_ticket_info.py;inter/CheckUser.py,1;2,1;1
41a78209c80a44f5b52e5fd2903bac2261e151f0,housq,2019-01-06 12:26:08 +0800,,inter/GetRandCode.py,41,14
cfebf48646f9cd75eb447a0ce3ed87064d7ac30d,wenxianping,2019-01-06 12:16:45 +0800,,config/configCommon.py;init/select_ticket_info.py;inter/CheckUser.py;inter/GetPassengerDTOs.py,13;2;2;1,1;8;0;0
cf904073c46a6253d79b1bd4484ccaf2f8a4e57f,ttdevs,2019-01-04 11:00:10 +0800,,agency/cdn_utils.py;init/select_ticket_info.py,3;3,1;1
fa85652febd8e7a58dfedee82aa6dc35aefbc238,wenxianping,2019-01-04 09:38:40 +0800,,agency/cdn_utils.py;config/urlConf.py;init/select_ticket_info.py;inter/CheckUser.py;myUrllib/httpUtils.py,1;1;16;16;6,1;0;15;15;3
43799d3b565d2a3798b2d7d618fcb6616774c44d,wenxianping,2019-01-03 20:38:08 +0800,,agency/cdn_utils.py;config/configCommon.py;init/login.py;init/select_ticket_info.py;inter/CheckOrderInfo.py;inter/GetRandCode.py;inter/Query.py;inter/QueryOrderWaitTime.py,4;6;0;27;2;1;2;2,3;1;10;25;2;1;2;2
0cc85766a4778167542f3ab90f6739937099a37b,wenxianping,2019-01-03 11:23:53 +0800,,config/AutoSynchroTime.py;inter/GetPassCodeNewOrderAndLogin.py;inter/Query.py,8;1;1,24;1;1
6b1f575c64c171cfef9dad7c5bda60d2819ae93b,wenxianping,2019-01-03 11:04:26 +0800,,config/AutoSynchroTime.py,24,23
0afa64ac07be8b4679c2e69b6898ee45ff5e802c,wenxianping,2019-01-03 10:41:57 +0800,,config/AutoSynchroTime.py,18,17
11d7da04ce0a69d10ed29da405250b3e3a7a83f3,wenxianping,2019-01-03 09:35:41 +0800,,init/select_ticket_info.py,5,4
af5ece8c3e887ccd202927d8a7ca05caed721f73,wenxianping,2019-01-03 09:25:54 +0800,,config/AutoSynchroTime.py;init/select_ticket_info.py,53;9,0;12
57f223126e4bc3be9f41c6b66a725ae561c12332,wenxianping,2019-01-02 23:10:01 +0800,,init/select_ticket_info.py,29,9
3d199a0a2144596022b652230b8144458800e021,wenxianping,2019-01-02 09:54:14 +0800,,init/select_ticket_info.py,1,1
0e6f2ceee2c4e588ec491202fc59a43249270158,wenxianping,2018-12-31 12:22:37 +0800,,config/urlConf.py;init/select_ticket_info.py;inter/CheckUser.py;inter/Query.py;inter/SubmitOrderRequest.py,13;3;1;1;0,13;3;1;2;1
2465d61554850a310732f14a006dc36e0ee9502e,wenxianping,2018-12-29 09:37:54 +0800,,config/urlConf.py;inter/CheckUser.py;inter/GetQueueCount.py;inter/GetQueueCountAsync.py,2;1;2;8,2;1;2;10
46b6a72577ae7c51604dc52e5a53d5c7efee71c5,wenxianping,2018-12-27 14:38:19 +0800,,myUrllib/httpUtils.py,1,0
9a9647665ff383bd171b3c31f56e53eb66b69493,wenxianping,2018-12-27 14:32:46 +0800,,config/TicketEnmu.py;inter/Query.py,1;4,1;16
8c7804dd4cc1cfa98a39c03a6b63023d2eebb131,wenxianping,2018-12-27 14:05:53 +0800,,init/select_ticket_info.py;inter/GetQueueCount.py;inter/Query.py,1;11;2,1;13;1
66e380bfc557d1b8ef436bc6632d1a59dda7034b,wenxianping,2018-12-26 19:40:26 +0800,,inter/Query.py,6,3
dda809d92e975bc119fe35d9e2c0c8860b7de3a9,wenxianping,2018-12-26 18:09:30 +0800,,init/select_ticket_info.py;inter/Query.py,1;1,0;0
cf2e8f8ef68db2e7b0a0f6da20e9e6de00039631,wenxianping,2018-12-26 16:05:51 +0800,,agency/cdn_utils.py;config/urlConf.py;init/select_ticket_info.py;inter/Query.py;myUrllib/httpUtils.py,10;13;27;26;3,6;1;31;3;4
de76b2c8aba972129d860993a084bf266857fbc6,wenxianping,2018-12-25 14:40:49 +0800,,inter/GetRandCode.py,2,2
42cba656e76d3922918cad622fed02dc76a504aa,wenxianping,2018-12-25 11:54:55 +0800,,inter/GetRandCode.py,0,1
806be00d3dd7baacade348dc1c4702571a34bae8,wenxianping,2018-12-25 11:47:20 +0800,,init/login.py;inter/GetPassCodeNewOrderAndLogin.py;inter/GetRandCode.py,3;1;4,2;1;3
ce0b5cff84c433cba621601645f129332f687bc3,wenxianping,2018-12-25 10:34:56 +0800,,agency/agency_tools.py;config/emailConf.py;config/urlConf.py;inter/Query.py;inter/QueryOrderWaitTime.py,11;20;2;19;1,4;17;2;20;3
532e774f0b1d3e6bea67ccd149baadf7f5770498,wenxianping,2018-10-23 16:08:42 +0800,,config/urlConf.py;inter/AutoSubmitOrderRequest.py,3;0,2;1
978ca34df22d9120eccc9dbfe1d2befab98c69c5,xfalcon,2018-10-02 20:31:11 +0800,,config/configCommon.py;init/select_ticket_info.py;inter/Query.py,10;31;39,0;10;7
ea84e826b7d4f09ba87b07c60fd5f44ab787c639,wenxianping,2018-09-30 14:39:56 +0800,,inter/GetPassengerDTOs.py,0,1
c9de32463a7eb1a21dc097a64bd16ff6fcbbf1b0,wenxianping,2018-09-30 14:35:27 +0800,,init/select_ticket_info.py;inter/AutoSubmitOrderRequest.py;inter/CheckUser.py;inter/Query.py;myUrllib/httpUtils.py,10;2;5;11;11,11;2;4;3;5
2f2d62af19ceaa78fb1295a254334759d61fbe45,wenxianping,2018-09-21 14:40:46 +0800,,init/select_ticket_info.py;inter/GetPassengerDTOs.py;inter/GetQueueCount.py;inter/GetQueueCountAsync.py;inter/Query.py;inter/SubmitOrderRequest.py,11;14;5;8;14;0,14;4;8;11;4;1
cce998d0be8380da7e029739191e13d76b611fa2,wenxianping,2018-09-20 09:57:48 +0800,,init/select_ticket_info.py;inter/Query.py,2;3,1;2
2d85ef1994d7f661dd0997e9f185ffa900c69f98,wenxianping,2018-09-19 17:20:51 +0800,,init/select_ticket_info.py;inter/CheckOrderInfo.py;inter/Query.py,2;2;6,1;1;2
1097517604b3c5fb37ea6a2db93e79e65655743e,wenxianping,2018-09-19 15:42:39 +0800,,init/select_ticket_info.py;inter/Query.py,6;3,5;4
01f728c47e212c9091c334f3ee0348653ff526dc,wenxianping,2018-09-04 19:02:28 +0800,,config/urlConf.py;init/login.py;init/select_ticket_info.py;inter/AutoSubmitOrderRequest.py;inter/GetPassCodeNewOrderAndLogin.py,1;2;5;2;14,1;1;3;2;4
6d9708768ec4c6e3918c6c7be83287baecf351af,zhongxiaojun,2018-09-01 14:09:44 +0800,,config/urlConf.py,1,1
4920a01fa257f37bd7365c2c3f7acd90c4e39727,wenxianping,2018-09-01 00:28:48 +0800,,init/select_ticket_info.py;inter/GetRandCode.py,1;4,1;3
b88834cdfc7be976ae5e1c5fab4eb57d3e3e76bf,wenxianping,2018-09-01 00:24:40 +0800,,agency/cdn_utils.py;init/login.py;init/select_ticket_info.py;inter/GetPassCodeNewOrderAndLogin.py;inter/GetRandCode.py;inter/Query.py;myUrllib/httpUtils.py,4;0;54;2;9;3;1,1;8;12;2;2;6;1
bbee85ff1b0e62f709fa189e1a705e375962bd3a,wenxianping,2018-08-31 10:26:59 +0800,,inter/GetRandCode.py,1,1
a3d4fed532b8abea7d60e6ec35b0861796bd7bdd,wenxianping,2018-08-31 10:15:04 +0800,,init/login.py;run.py,2;2,2;2
cbec16c5096e6d8d1ccb7574c538d9cd52ad7f9b,wenxianping,2018-08-29 19:29:14 +0800,,init/select_ticket_info.py,3,6
9c95cc03c1522d086fff2e136ad6829275842209,wenxianping,2018-08-29 19:19:58 +0800,,agency/agency_tools.py;agency/cdn_utils.py,5;2,7;4
6b849c1201b97448bfd3c0b8def06a1f9e2310a7,wenxianping,2018-08-29 19:19:13 +0800,,config/TicketEnmu.py;config/urlConf.py;init/login.py;init/select_ticket_info.py;inter/AutoSubmitOrderRequest.py;inter/CheckOrderInfo.py;inter/CheckRandCodeAnsyn.py;inter/CheckUser.py;inter/ConfirmSingleForQueue.py;inter/ConfirmSingleForQueueAsys.py;inter/GetPassCodeNewOrderAndLogin.py;inter/GetPassengerDTOs.py;inter/GetQueueCount.py;inter/GetQueueCountAsync.py;inter/GetRandCode.py;inter/GetRepeatSubmitToken.py;inter/Query.py;inter/QueryOrderWaitTime.py;inter/SubmitOrderRequest.py;myUrllib/MySocketUtils.py;myUrllib/httpUtils.py;run.py,5;2;24;116;44;73;27;33;96;4;22;2;109;39;79;36;13;2;69;202;15;9,0;2;126;655;30;0;0;0;0;10;0;1;0;20;0;0;27;1;0;0;63;5
ec7ab85ff13264b2876364ffc377f57a9478a720,wenxianping,2018-08-23 12:23:12 +0800,,init/select_ticket_info.py,5,5
975e808823177d5022090e97c9eefd3b5acc1b58,wenxianping,2018-08-23 11:53:01 +0800,,init/select_ticket_info.py,3,3
7d263baa5694aa1737b68c2a1452e37156df048b,wenxianping,2018-08-22 17:03:25 +0800,,init/login.py;init/select_ticket_info.py;myUrllib/httpUtils.py,0;101;11,4;67;12
dcdf875e77f50a5cc09546419d58df90936421c3,sjfkai,2018-06-26 15:40:25 +0800,,config/urlConf.py,1,1
009b989a6468e49e0622ef4b58c2b1b78b380c8d,wenxianping,2018-06-11 23:14:28 +0800,,inter/Query.py,2,4
b88d541f93c802b2d793ce743562f02eaee818ed,wenxianping,2018-06-11 23:03:23 +0800,,__init__.py;agency/__init__.py;agency/agency_tools.py;agency/cdn_utils.py;config/TicketEnmu.py;config/__init__.py;config/configCommon.py;config/emailConf.py;config/logger.py;config/urlConf.py;init/__init__.py;init/login.py;init/select_ticket_info.py;inter/AutoSubmitOrderRequest.py;inter/ConfirmSingleForQueueAsys.py;inter/GetPassengerDTOs.py;inter/GetQueueCountAsync.py;inter/LiftTicketInit.py;inter/Query.py;inter/QueryOrderWaitTime.py;inter/__init__.py;myException/PassengerUserException.py;myException/UserPasswordException.py;myException/__init__.py;myException/balanceException.py;myException/ticketConfigException.py;myException/ticketIsExitsException.py;myException/ticketNumOutException.py;myUrllib/__init__.py;myUrllib/httpUtils.py;run.py;tmp/__init__.py;tmp/log/__init__.py,0;0;0;0;35;0;0;0;0;55;0;8;6;108;78;92;102;17;119;123;0;0;0;0;0;0;0;0;0;73;3;0;0,0;0;0;0;0;0;0;0;0;33;0;4;4;0;0;0;0;0;0;0;0;0;0;0;0;0;0;0;0;25;2;0;0
29e0816711ecb92529223e17916101b9d292bdea,wenxianping,2018-03-21 08:39:33 +0800,,config/urlConf.py;init/login.py;init/select_ticket_info.py,27;0;1,27;4;1
f07ec4d332c0411c1c826404b9e596b18377480a,wenxianping,2018-03-01 11:10:36 +0800,,init/select_ticket_info.py;myUrllib/httpUtils.py,3;2,2;1
520c8a528d4c6edfc512d98fb06823b5b0ea7e99,wenxianping,2018-02-28 18:40:03 +0800,,config/urlConf.py;init/login.py;init/select_ticket_info.py;myUrllib/httpUtils.py,77;4;45;15,0;1;30;2
0db5c26040a84eeb69283ba255fe5b21f17d3290,wenxianping,2018-01-29 22:38:09 +0800,,init/select_ticket_info.py,2,1
bd1a0fcaa371b5321ea2d9e8091d5e2fc08aed91,wenxianping,2018-01-29 21:59:01 +0800,,agency/cdn_utils.py;config/urlConf.py;init/login.py;init/select_ticket_info.py;myUrllib/httpUtils.py,11;26;17;91;2,19;26;16;63;3
004b82831dbdbd2abcca0d37b22e67d80a04e7c0,wenxianping,2018-01-29 11:19:25 +0800,,agency/cdn_utils.py;config/urlConf.py;init/select_ticket_info.py;myUrllib/httpUtils.py,20;2;11;4,4;2;12;5
987ed97d89a8b732dff7901b10363a98104e7b3b,wenxianping,2018-01-28 14:47:14 +0800,,init/select_ticket_info.py,8,6
f0fea7cba7e213df4c7c94ddf4b3b61c3d8dc5db,wenxianping,2018-01-28 14:27:24 +0800,,agency/cdn_utils.py;config/urlConf.py;init/login.py;init/select_ticket_info.py;myUrllib/httpUtils.py,100;186;9;61;24,0;45;8;60;6
ec88dffe4fea711c7165fb2da8d5b66dd8849645,wenxianping,2018-01-25 21:39:19 +0800,,init/login.py,25,22
b1ab0360261e7c11adcfdac2564c4a8181e93c67,wenxianping,2018-01-25 21:36:18 +0800,,init/login.py;init/select_ticket_info.py,21;49,17;31
0bdccd45266e2c0fdf459d250460d318052246c1,wenxianping,2018-01-25 15:52:36 +0800,,init/select_ticket_info.py,3,6
c1ce4e44692b8440ccbb577e77375e36f3f85509,wenxianping,2018-01-25 14:15:47 +0800,,init/login.py;init/select_ticket_info.py;myUrllib/httpUtils.py,25;27;1,20;2;0
01d54be85a733a9a5bcc91839929f347a5a3ce85,wenxianping,2018-01-24 22:35:24 +0800,,init/select_ticket_info.py;myUrllib/httpUtils.py,2;3,2;2
632a971606f07e0fb0dc9cadb23bc3a8302fd20b,wenxianping,2018-01-24 12:57:43 +0800,,tmp/log/__init__.py,0,0
133606f1701b85a55d971c220e24c94d1561edaa,wenxianping,2018-01-24 12:56:18 +0800,,config/configCommon.py;config/logger.py;init/login.py;myUrllib/httpUtils.py;tmp/__init__.py,82;61;1;14;0,0;0;1;5;0
0b3d04ace4aa0702d5dd66060478f75cfcc13438,wenxianping,2018-01-24 10:06:25 +0800,,init/login.py;init/select_ticket_info.py,33;8,12;9
829ec1163e50fb60a1121c910be34ce717394616,wenxianping,2018-01-23 21:29:06 +0800,,init/select_ticket_info.py;myUrllib/httpUtils.py,9;18,11;20
7d402239735fa994acc5c998436fa0661b7291b5,wenxianping,2018-01-23 17:58:17 +0800,,myUrllib/httpUtils.py,2,1
34456df15140dc7602a16b30d3e45df8ec2777e9,wenxianping,2018-01-23 17:48:09 +0800,,myUrllib/httpUtils.py,22,31
d2148925250a9e259c1eb9312342f9366a859735,wenxianping,2018-01-23 12:59:47 +0800,,init/select_ticket_info.py;myUrllib/httpUtils.py,18;12,13;8
b36595aeadb807ed2abdeb8113c5bfb6a417dcc2,wenxianping,2018-01-22 22:01:57 +0800,,config/emailConf.py;init/login.py,1;11,1;6
235b0000c9f9bb12f7bb571419d16289e4a9e8a1,wenxianping,2018-01-21 13:47:38 +0800,,config/urlConf.py;init/login.py;init/select_ticket_info.py;myUrllib/httpUtils.py,6;1;78;19,0;1;54;1
d7c5c7215c5db070492a25098288e2cb7620ec2f,wenxianping,2018-01-21 09:12:15 +0800,,config/urlConf.py;init/login.py;init/select_ticket_info.py,0;3;2,1;1;7
aa6d628c8294ec401eeb311e29419d659ddd5f53,wenxianping,2018-01-20 23:23:51 +0800,,config/urlConf.py;init/login.py;init/select_ticket_info.py;myException/UserPasswordException.py;myUrllib/httpUtils.py,89;184;38;2;76,0;188;40;0;34
501fd388bd52729fa88ffa61cdef69958972925d,wenxianping,2018-01-15 23:30:15 +0800,,init/login.py;init/select_ticket_info.py;run.py,13;29;1,6;16;1
cd65eeb963d0233b44e5ec411cf510cbc6de58a9,wenxianping,2018-01-15 23:00:20 +0800,,init/select_ticket_info.py,4,28
a3ba39c757e7fa3b1bf51e5d61c1d5440b54f7f9,wenxianping,2018-01-14 20:30:59 +0800,,init/select_ticket_info.py,5,3
5f7b4df19b17abc9897c473a05b500be74e4253d,wenxianping,2018-01-14 15:27:07 +0800,,config/emailConf.py,1,1
d1be6833bb3fe1068f4f598027e2387518ce48c4,wenxianping,2018-01-14 14:07:06 +0800,,init/select_ticket_info.py,5,2
46ecb662eb849443b63277ef6a83fcbb96307c42,wenxianping,2018-01-14 08:58:02 +0800,,init/select_ticket_info.py,1,1
f669690a707683d852b647612157cc95882ec6b5,wenxianping,2018-01-13 23:13:00 +0800,,init/select_ticket_info.py,2,1
fb92dbaece5ef0f9343b6ade9494e9c4191780bc,wenxianping,2018-01-13 23:08:03 +0800,,config/emailConf.py;init/select_ticket_info.py,42;10,0;6
ac1a03834e77ce0963c935db182d5fcad8802969,wenxianping,2018-01-13 11:45:39 +0800,,init/select_ticket_info.py,3,0
a3f88212d0c4bcf7ea648f0e21a3d26c310a3e9d,wenxianping,2018-01-13 10:08:59 +0800,,init/select_ticket_info.py,2,0
1ce2f7719e6493d9db170e337e074f3e9e457c41,wenxianping,2018-01-13 09:53:36 +0800,,run.py,3,1
4febb67ac2a8b1d0305fb812097aee0a265b77e8,wenxianping,2018-01-13 09:44:57 +0800,,init/select_ticket_info.py,3,0
b84c5faf8f6928a2e8d2aff0ee12d3cc4d5916a8,wenxianping,2018-01-13 09:38:06 +0800,,init/select_ticket_info.py,2,2
a6983a0422768824311a84207f1f131e1aa5a873,wenxianping,2018-01-12 23:38:50 +0800,,init/select_ticket_info.py,1,1
2ed291639746c2e57f6122b84013c19cd8fa10ce,wenxianping,2018-01-12 23:16:02 +0800,,init/select_ticket_info.py,40,54
26ee65c48e0a6e49d246ca94be81712e85e05525,hawkli,2018-01-12 19:30:38 +0800,,run.py,2,2
bd5bebac3aa61731e39c35d3f538734a6a797370,wenxianping,2018-01-12 14:42:30 +0800,,init/select_ticket_info.py,54,77
6a07fd4739e58ee1b21c30e6bb5625e037d8a935,wenxianping,2018-01-12 12:35:02 +0800,,init/select_ticket_info.py,77,52
66413c9acc4c231d475ad7391af84fe5fa75346a,wenxianping,2018-01-11 21:44:02 +0800,,init/select_ticket_info.py,62,62
264351d7276d26429bde2d2862fc886f8616739b,wenxianping,2018-01-11 17:27:56 +0800,,init/select_ticket_info.py,1,0
977af7fd662bbf0b191fbef8724263a831a2fd7f,wenxianping,2018-01-11 17:26:54 +0800,,init/select_ticket_info.py,1,0
27d3c8f216700acd2e8df1116bbdf3a27a7cc737,79277490@qq.com,2018-01-11 16:17:16 +0800,,init/select_ticket_info.py,1,1
1d1237e1a4a58ef9ab1e6e3c26ba590bc54b2693,wenxianping,2018-01-11 16:01:37 +0800,,init/select_ticket_info.py,31,18
53f030537d4cf891ec7db69b619201d82a1b0f95,wenxianping,2018-01-11 15:43:00 +0800,,init/select_ticket_info.py,1,1
4383d31878a55c43a73e041c22d8032b41cf3fbd,79277490@qq.com,2018-01-11 15:26:12 +0800,,init/select_ticket_info.py,0,1
1d3a7867d524f5eb26ef6fba25639f53025d82d7,wenxianping,2018-01-11 15:25:31 +0800,,init/select_ticket_info.py,37,59
f07b33d099be5ddace45b2e94b75d057b20763ef,79277490@qq.com,2018-01-11 15:23:50 +0800,,init/select_ticket_info.py,11,8
162a7cefe55e2efc155e9194b4b3495ff47a9862,wenxianping,2018-01-11 13:34:35 +0800,,init/select_ticket_info.py,1,2
e5b16fe778cca2e4535a01a91d5093fadfc659e5,wenxianping,2018-01-11 13:20:39 +0800,,init/select_ticket_info.py,206,97
e5320663e8248b4c4416b16ba1f11fd745a77a24,79277490@qq.com,2018-01-11 12:43:25 +0800,,init/select_ticket_info.py,59,35
246b364a5222bd60fa69d7211f0b557cfc5d4d6e,wenxianping,2018-01-11 11:15:16 +0800,,init/select_ticket_info.py,20,20
947c33cd6bf70cfb331e53404a29e41bd2c19d1d,wenxianping,2018-01-11 11:06:41 +0800,,init/select_ticket_info.py,66,19
4604fd7d3b86eef6bfec39afce56ac4d611ad903,wenxianping,2018-01-10 22:36:51 +0800,,init/select_ticket_info.py,2,2
85ae1b9f6b566d1568906b60a1576f913255f3c5,wenxianping,2018-01-10 21:58:39 +0800,,init/select_ticket_info.py,10,8
c4806e6306252724ed67e784a9ec2694a731c361,wenxianping,2018-01-10 21:32:11 +0800,,init/select_ticket_info.py,12,12
f53270c1512a0efeb159aa986abea1e5c1618074,wenxianping,2018-01-10 19:36:22 +0800,,init/select_ticket_info.py,81,77
fdba481ee5f46d00ca00ad45a3297e21dcbaae5f,wenxianping,2018-01-10 17:25:48 +0800,,init/select_ticket_info.py,6,8
b4c536dcf2e1ffcb0c2696e7dec42cc215759343,wenxianping,2018-01-10 15:23:53 +0800,,init/select_ticket_info.py,3,3
fecc657d35dcc04f9e52adc582f25f04b7cda30d,wenxianping,2018-01-10 13:41:05 +0800,,init/select_ticket_info.py,1,1
0735431cd9f3f9f2f173c842daccceb918a8fcda,wenxianping,2018-01-10 13:36:50 +0800,,init/select_ticket_info.py,8,14
8a17c48f40ed14700cd9e976bb70107190e28f3e,79277490@qq.com,2018-01-10 10:36:02 +0800,,init/select_ticket_info.py,6,4
83c4c925b6f60a7761bd4879c28bbb8d10dbf741,wenxianping,2018-01-10 10:35:09 +0800,,init/select_ticket_info.py,2,2
b8ed4ae7322bdd1150072f2ff9eafd6d358754cc,wenxianping,2018-01-10 10:31:43 +0800,,init/select_ticket_info.py,6,2
eac67ea1e5b75b63aab7be40c84b52cbd58c95ba,79277490@qq.com,2018-01-10 10:27:31 +0800,,init/select_ticket_info.py,13,9
d7f48500715245963ce8770fd6cf00e916b1780e,wenxianping,2018-01-10 09:47:13 +0800,,agency/agency_tools.py;init/select_ticket_info.py,1;12,1;3
4430cd6ff871f1cdffc968a8e3e290a3e1b6c477,wenxianping,2018-01-10 09:42:25 +0800,,init/select_ticket_info.py;myUrllib/httpUtils.py,9;54,9;0
c5af54f8c4bc95fb46c7c730d81cec636a2b3874,wenxianping,2018-01-09 23:12:22 +0800,,init/login.py;init/select_ticket_info.py,1;3,1;3
6dc0df05e9e83a44c1c0d1bb853a25a41b72f235,wenxianping,2018-01-09 21:50:52 +0800,,init/select_ticket_info.py,42,26
34dbcdb97ab6a869f8174fa2f99b4f8f77eeac85,wenxianping,2018-01-09 15:05:56 +0800,,init/select_ticket_info.py,88,76
1dee0ad03362d1c8a34bb77471218aee00691c20,wenxianping,2018-01-09 13:40:27 +0800,,agency/agency_tools.py;init/login.py;init/select_ticket_info.py,3;59;12,3;44;7
94571217cc7a5714e1074e0e07d7d48daf7a3c8e,wenxianping,2018-01-08 22:16:35 +0800,,init/select_ticket_info.py,2,2
e9a532fc2258542c11ecfa88a4e0d6cfb2d7e2e1,wenxianping,2018-01-08 21:59:10 +0800,,init/select_ticket_info.py,53,35
60fb33c903f4b848630dbfe447a00313c52348cf,wenxianping,2018-01-08 18:46:23 +0800,,init/select_ticket_info.py,3,3
982ede537398a1c89786825c590a1ed2e680a557,wenxianping,2018-01-08 18:38:17 +0800,,init/select_ticket_info.py,2,5
346b8d2e988721c9258e4943338acb34a3597a62,wenxianping,2018-01-08 15:44:02 +0800,,myException/ticketNumOutException.py,2,0
