function,arg_longname,resolved_types
pygorithm.data_structures.tree.BinarySearchTree.__init__,pygorithm.data_structures.tree.BinarySearchTree.__init__.self,pygorithm.data_structures.tree.BinarySearchTree
pygorithm.data_structures.tree.BSTNode.__init__,pygorithm.data_structures.tree.BSTNode.__init__.self,pygorithm.data_structures.tree.BSTNode
pygorithm.data_structures.tree.BinarySearchTree.insert,pygorithm.data_structures.tree.BinarySearchTree.insert.self,pygorithm.data_structures.tree.BinarySearchTree
pygorithm.data_structures.tree.BSTNode.insert,pygorithm.data_structures.tree.BSTNode.insert.self,pygorithm.data_structures.tree.BSTNode
pygorithm.data_structures.tree.BSTNode.get_left,pygorithm.data_structures.tree.BSTNode.get_left.self,pygorithm.data_structures.tree.BSTNode
pygorithm.data_structures.tree.BSTNode.inorder,pygorithm.data_structures.tree.BSTNode.inorder.self,pygorithm.data_structures.tree.BSTNode
pygorithm.data_structures.tree.BSTNode.get_data,pygorithm.data_structures.tree.BSTNode.get_data.self,pygorithm.data_structures.tree.BSTNode
pygorithm.data_structures.tree.BSTNode.get_right,pygorithm.data_structures.tree.BSTNode.get_right.self,pygorithm.data_structures.tree.BSTNode
pygorithm.data_structures.tree.BSTNode.inorder,pygorithm.data_structures.tree.BSTNode.inorder.root,pygorithm.data_structures.tree.BSTNode
pygorithm.data_structures.tree.BinarySearchTree.inorder,pygorithm.data_structures.tree.BinarySearchTree.inorder.self,pygorithm.data_structures.tree.BinarySearchTree
pygorithm.data_structures.tree.BSTNode.preorder,pygorithm.data_structures.tree.BSTNode.preorder.self,pygorithm.data_structures.tree.BSTNode
pygorithm.data_structures.tree.BSTNode.preorder,pygorithm.data_structures.tree.BSTNode.preorder.root,pygorithm.data_structures.tree.BSTNode
pygorithm.data_structures.tree.BinarySearchTree.preorder,pygorithm.data_structures.tree.BinarySearchTree.preorder.self,pygorithm.data_structures.tree.BinarySearchTree
pygorithm.data_structures.tree.BSTNode.postorder,pygorithm.data_structures.tree.BSTNode.postorder.self,pygorithm.data_structures.tree.BSTNode
pygorithm.data_structures.tree.BSTNode.postorder,pygorithm.data_structures.tree.BSTNode.postorder.root,pygorithm.data_structures.tree.BSTNode
pygorithm.data_structures.tree.BinarySearchTree.postorder,pygorithm.data_structures.tree.BinarySearchTree.postorder.self,pygorithm.data_structures.tree.BinarySearchTree
pygorithm.data_structures.tree.BSTNode.find,pygorithm.data_structures.tree.BSTNode.find.self,pygorithm.data_structures.tree.BSTNode
pygorithm.data_structures.tree.BinarySearchTree.find,pygorithm.data_structures.tree.BinarySearchTree.find.self,pygorithm.data_structures.tree.BinarySearchTree
pygorithm.data_structures.tree.Node.__init__,pygorithm.data_structures.tree.Node.__init__.self,pygorithm.data_structures.tree.Node
pygorithm.data_structures.tree.Node.set_left,pygorithm.data_structures.tree.Node.set_left.node,pygorithm.data_structures.tree.Node
pygorithm.data_structures.tree.Node.set_left,pygorithm.data_structures.tree.Node.set_left.self,pygorithm.data_structures.tree.Node
pygorithm.data_structures.tree.Node.set_right,pygorithm.data_structures.tree.Node.set_right.node,pygorithm.data_structures.tree.Node
pygorithm.data_structures.tree.Node.set_right,pygorithm.data_structures.tree.Node.set_right.self,pygorithm.data_structures.tree.Node
pygorithm.data_structures.tree.BinaryTree.__init__,pygorithm.data_structures.tree.BinaryTree.__init__.self,pygorithm.data_structures.tree.BinaryTree
pygorithm.data_structures.tree.Node.get_left,pygorithm.data_structures.tree.Node.get_left.self,pygorithm.data_structures.tree.Node
pygorithm.data_structures.tree.BinaryTree.inorder,pygorithm.data_structures.tree.BinaryTree.inorder.self,pygorithm.data_structures.tree.BinaryTree
pygorithm.data_structures.tree.Node.get_data,pygorithm.data_structures.tree.Node.get_data.self,pygorithm.data_structures.tree.Node
pygorithm.data_structures.tree.Node.get_right,pygorithm.data_structures.tree.Node.get_right.self,pygorithm.data_structures.tree.Node
pygorithm.data_structures.tree.BinaryTree.inorder,pygorithm.data_structures.tree.BinaryTree.inorder.root,pygorithm.data_structures.tree.Node
pygorithm.data_structures.tree.BinaryTree.preorder,pygorithm.data_structures.tree.BinaryTree.preorder.self,pygorithm.data_structures.tree.BinaryTree
pygorithm.data_structures.tree.BinaryTree.preorder,pygorithm.data_structures.tree.BinaryTree.preorder.root,pygorithm.data_structures.tree.Node
pygorithm.data_structures.tree.BinaryTree.postorder,pygorithm.data_structures.tree.BinaryTree.postorder.self,pygorithm.data_structures.tree.BinaryTree
pygorithm.data_structures.tree.BinaryTree.postorder,pygorithm.data_structures.tree.BinaryTree.postorder.root,pygorithm.data_structures.tree.Node
pygorithm.data_structures.graph.CheckCycleUndirectedGraph.__init__,pygorithm.data_structures.graph.CheckCycleUndirectedGraph.__init__.self,pygorithm.data_structures.graph.CheckCycleUndirectedGraph
pygorithm.data_structures.graph.CheckCycleUndirectedGraph.add_edge,pygorithm.data_structures.graph.CheckCycleUndirectedGraph.add_edge.self,pygorithm.data_structures.graph.CheckCycleUndirectedGraph
pygorithm.data_structures.graph.WeightedUndirectedGraph.__init__,pygorithm.data_structures.graph.WeightedUndirectedGraph.__init__.self,pygorithm.data_structures.graph.WeightedUndirectedGraph
pygorithm.data_structures.graph.WeightedUndirectedGraph.add_edge,pygorithm.data_structures.graph.WeightedUndirectedGraph.add_edge.self,pygorithm.data_structures.graph.WeightedUndirectedGraph
pygorithm.data_structures.graph.WeightedUndirectedGraph.get_edge_weight,pygorithm.data_structures.graph.WeightedUndirectedGraph.get_edge_weight.self,pygorithm.data_structures.graph.WeightedUndirectedGraph
pygorithm.data_structures.graph.CheckCycleDirectedGraph.__init__,pygorithm.data_structures.graph.CheckCycleDirectedGraph.__init__.self,pygorithm.data_structures.graph.CheckCycleDirectedGraph
pygorithm.data_structures.graph.CheckCycleDirectedGraph.add_edge,pygorithm.data_structures.graph.CheckCycleDirectedGraph.add_edge.self,pygorithm.data_structures.graph.CheckCycleDirectedGraph
pygorithm.data_structures.graph.CheckCycleDirectedGraph.check_cycle,pygorithm.data_structures.graph.CheckCycleDirectedGraph.check_cycle.self,pygorithm.data_structures.graph.CheckCycleDirectedGraph
pygorithm.data_structures.graph.CheckCycleUndirectedGraph.check_cycle,pygorithm.data_structures.graph.CheckCycleUndirectedGraph.check_cycle.self,pygorithm.data_structures.graph.CheckCycleUndirectedGraph
pygorithm.data_structures.graph.WeightedUndirectedGraph.gridify,pygorithm.data_structures.graph.WeightedUndirectedGraph.gridify.self,pygorithm.data_structures.graph.WeightedUndirectedGraph
pygorithm.data_structures.graph.WeightedUndirectedGraph.remove_edge,pygorithm.data_structures.graph.WeightedUndirectedGraph.remove_edge.self,pygorithm.data_structures.graph.WeightedUndirectedGraph
pygorithm.data_structures.graph.Graph.__init__,pygorithm.data_structures.graph.Graph.__init__.self,pygorithm.data_structures.graph.TopologicalSort
pygorithm.data_structures.graph.Graph.add_edge,pygorithm.data_structures.graph.Graph.add_edge.self,pygorithm.data_structures.graph.TopologicalSort
pygorithm.data_structures.graph.TopologicalSort.topological_sort,pygorithm.data_structures.graph.TopologicalSort.topological_sort.self,pygorithm.data_structures.graph.TopologicalSort
pygorithm.data_structures.queue.Queue.__init__,pygorithm.data_structures.queue.Queue.__init__.self,pygorithm.data_structures.heap.Heap|pygorithm.data_structures.queue.Queue
pygorithm.data_structures.queue.Queue.enqueue,pygorithm.data_structures.queue.Queue.enqueue.self,pygorithm.data_structures.heap.Heap|pygorithm.data_structures.queue.Queue
pygorithm.data_structures.heap.Heap.insert,pygorithm.data_structures.heap.Heap.insert.self,pygorithm.data_structures.heap.Heap
pygorithm.data_structures.heap.Heap.heapify_up,pygorithm.data_structures.heap.Heap.heapify_up.self,pygorithm.data_structures.heap.Heap
pygorithm.data_structures.queue.Queue.is_empty,pygorithm.data_structures.queue.Queue.is_empty.self,pygorithm.data_structures.heap.Heap|pygorithm.data_structures.queue.Queue
pygorithm.data_structures.queue.Queue.dequeue,pygorithm.data_structures.queue.Queue.dequeue.self,pygorithm.data_structures.heap.Heap|pygorithm.data_structures.queue.Queue
pygorithm.data_structures.heap.Heap.favorite,pygorithm.data_structures.heap.Heap.favorite.self,pygorithm.data_structures.heap.Heap
pygorithm.data_structures.heap.Heap.heapify_down,pygorithm.data_structures.heap.Heap.heapify_down.self,pygorithm.data_structures.heap.Heap
pygorithm.data_structures.heap.Heap.pop,pygorithm.data_structures.heap.Heap.pop.self,pygorithm.data_structures.heap.Heap
pygorithm.data_structures.stack.Stack.__init__,pygorithm.data_structures.stack.Stack.__init__.self,pygorithm.data_structures.stack.Stack
pygorithm.data_structures.stack.InfixToPostfix.__init__,pygorithm.data_structures.stack.InfixToPostfix.__init__.self,pygorithm.data_structures.stack.InfixToPostfix
pygorithm.data_structures.stack.InfixToPostfix.__init__,pygorithm.data_structures.stack.InfixToPostfix.__init__.stack,pygorithm.data_structures.stack.Stack
pygorithm.data_structures.stack.Stack.size,pygorithm.data_structures.stack.Stack.size.self,pygorithm.data_structures.stack.Stack
pygorithm.data_structures.stack.Stack.is_empty,pygorithm.data_structures.stack.Stack.is_empty.self,pygorithm.data_structures.stack.Stack
pygorithm.data_structures.stack.Stack.push,pygorithm.data_structures.stack.Stack.push.self,pygorithm.data_structures.stack.Stack
pygorithm.data_structures.stack.Stack.peek,pygorithm.data_structures.stack.Stack.peek.self,pygorithm.data_structures.stack.Stack
pygorithm.data_structures.stack.Stack.pop,pygorithm.data_structures.stack.Stack.pop.self,pygorithm.data_structures.stack.Stack
pygorithm.data_structures.stack.InfixToPostfix.infix_to_postfix,pygorithm.data_structures.stack.InfixToPostfix.infix_to_postfix.self,pygorithm.data_structures.stack.InfixToPostfix
pygorithm.data_structures.graph.WeightedGraph.__init__,pygorithm.data_structures.graph.WeightedGraph.__init__.self,pygorithm.data_structures.graph.WeightedGraph
pygorithm.data_structures.graph.WeightedGraph.get_weight,pygorithm.data_structures.graph.WeightedGraph.get_weight.self,pygorithm.data_structures.graph.WeightedGraph
pygorithm.data_structures.graph.WeightedGraph.add_edge,pygorithm.data_structures.graph.WeightedGraph.add_edge.self,pygorithm.data_structures.graph.WeightedGraph
pygorithm.data_structures.graph.WeightedGraph._set_of,pygorithm.data_structures.graph.WeightedGraph._set_of.self,pygorithm.data_structures.graph.WeightedGraph
pygorithm.data_structures.graph.WeightedGraph._union,pygorithm.data_structures.graph.WeightedGraph._union.self,pygorithm.data_structures.graph.WeightedGraph
pygorithm.data_structures.graph.WeightedGraph.kruskal_mst,pygorithm.data_structures.graph.WeightedGraph.kruskal_mst.self,pygorithm.data_structures.graph.WeightedGraph
pygorithm.data_structures.linked_list.CircularLinkedList.__init__,pygorithm.data_structures.linked_list.CircularLinkedList.__init__.self,pygorithm.data_structures.linked_list.CircularLinkedList
pygorithm.data_structures.linked_list.Node.__init__,pygorithm.data_structures.linked_list.Node.__init__.self,pygorithm.data_structures.linked_list.Node
pygorithm.data_structures.linked_list.CircularLinkedList.insert,pygorithm.data_structures.linked_list.CircularLinkedList.insert.self,pygorithm.data_structures.linked_list.CircularLinkedList
pygorithm.data_structures.linked_list.CircularLinkedList.get_data,pygorithm.data_structures.linked_list.CircularLinkedList.get_data.self,pygorithm.data_structures.linked_list.CircularLinkedList
pygorithm.data_structures.linked_list.DoublyLinkedList.__init__,pygorithm.data_structures.linked_list.DoublyLinkedList.__init__.self,pygorithm.data_structures.linked_list.DoublyLinkedList
pygorithm.data_structures.linked_list.DoublyLinkedList.insert_at_start,pygorithm.data_structures.linked_list.DoublyLinkedList.insert_at_start.self,pygorithm.data_structures.linked_list.DoublyLinkedList
pygorithm.data_structures.linked_list.DoublyLinkedList.insert_at_end,pygorithm.data_structures.linked_list.DoublyLinkedList.insert_at_end.self,pygorithm.data_structures.linked_list.DoublyLinkedList
pygorithm.data_structures.linked_list.DoublyLinkedList.get_data,pygorithm.data_structures.linked_list.DoublyLinkedList.get_data.self,pygorithm.data_structures.linked_list.DoublyLinkedList
pygorithm.data_structures.linked_list.DoublyLinkedList.delete,pygorithm.data_structures.linked_list.DoublyLinkedList.delete.self,pygorithm.data_structures.linked_list.DoublyLinkedList
pygorithm.data_structures.linked_list.SinglyLinkedList.__init__,pygorithm.data_structures.linked_list.SinglyLinkedList.__init__.self,pygorithm.data_structures.linked_list.SinglyLinkedList
pygorithm.data_structures.linked_list.SinglyLinkedList.insert_at_start,pygorithm.data_structures.linked_list.SinglyLinkedList.insert_at_start.self,pygorithm.data_structures.linked_list.SinglyLinkedList
pygorithm.data_structures.linked_list.SinglyLinkedList.insert_at_end,pygorithm.data_structures.linked_list.SinglyLinkedList.insert_at_end.self,pygorithm.data_structures.linked_list.SinglyLinkedList
pygorithm.data_structures.linked_list.SinglyLinkedList.get_data,pygorithm.data_structures.linked_list.SinglyLinkedList.get_data.self,pygorithm.data_structures.linked_list.SinglyLinkedList
pygorithm.geometry.vector2.Vector2.__init__,pygorithm.geometry.vector2.Vector2.__init__.self,pygorithm.geometry.vector2.Vector2
pygorithm.geometry.rect2.Rect2.__init__,pygorithm.geometry.rect2.Rect2.__init__.self,pygorithm.geometry.rect2.Rect2
pygorithm.geometry.rect2.Rect2.__init__,pygorithm.geometry.rect2.Rect2.__init__.mincorner,pygorithm.geometry.vector2.Vector2
pygorithm.data_structures.quadtree.QuadTree.__init__,pygorithm.data_structures.quadtree.QuadTree.__init__.location,pygorithm.geometry.rect2.Rect2
pygorithm.data_structures.quadtree.QuadTree.__init__,pygorithm.data_structures.quadtree.QuadTree.__init__.self,pygorithm.data_structures.quadtree.QuadTree
pygorithm.data_structures.quadtree.QuadTreeEntity.__init__,pygorithm.data_structures.quadtree.QuadTreeEntity.__init__.aabb,pygorithm.geometry.rect2.Rect2
pygorithm.data_structures.quadtree.QuadTreeEntity.__init__,pygorithm.data_structures.quadtree.QuadTreeEntity.__init__.self,pygorithm.data_structures.quadtree.QuadTreeEntity
pygorithm.data_structures.quadtree.QuadTree.insert_and_think,pygorithm.data_structures.quadtree.QuadTree.insert_and_think.entity,pygorithm.data_structures.quadtree.QuadTreeEntity
pygorithm.data_structures.quadtree.QuadTree.insert_and_think,pygorithm.data_structures.quadtree.QuadTree.insert_and_think.self,pygorithm.data_structures.quadtree.QuadTree
pygorithm.data_structures.quadtree.QuadTree._iter_helper,pygorithm.data_structures.quadtree.QuadTree._iter_helper.self,pygorithm.data_structures.quadtree.QuadTree
pygorithm.data_structures.quadtree.QuadTree.calculate_avg_ents_per_leaf,pygorithm.data_structures.quadtree.QuadTree.calculate_avg_ents_per_leaf.self,pygorithm.data_structures.quadtree.QuadTree
pygorithm.data_structures.quadtree.QuadTree.get_quadrant,pygorithm.data_structures.quadtree.QuadTree.get_quadrant.entity,pygorithm.data_structures.quadtree.QuadTreeEntity
pygorithm.data_structures.quadtree.QuadTree.get_quadrant,pygorithm.data_structures.quadtree.QuadTree.get_quadrant.self,pygorithm.data_structures.quadtree.QuadTree
pygorithm.data_structures.quadtree.QuadTree.split,pygorithm.data_structures.quadtree.QuadTree.split.self,pygorithm.data_structures.quadtree.QuadTree
pygorithm.data_structures.quadtree.QuadTree.find_entities_per_depth,pygorithm.data_structures.quadtree.QuadTree.find_entities_per_depth.self,pygorithm.data_structures.quadtree.QuadTree
pygorithm.data_structures.quadtree.QuadTree.sum_entities,pygorithm.data_structures.quadtree.QuadTree.sum_entities.self,pygorithm.data_structures.quadtree.QuadTree
pygorithm.data_structures.quadtree.QuadTree.calculate_weight_misplaced_ents,pygorithm.data_structures.quadtree.QuadTree.calculate_weight_misplaced_ents.self,pygorithm.data_structures.quadtree.QuadTree
pygorithm.data_structures.quadtree.QuadTree.find_nodes_per_depth,pygorithm.data_structures.quadtree.QuadTree.find_nodes_per_depth.self,pygorithm.data_structures.quadtree.QuadTree
pygorithm.geometry.vector2.Vector2.__repr__,pygorithm.geometry.vector2.Vector2.__repr__.self,pygorithm.geometry.vector2.Vector2
pygorithm.geometry.rect2.Rect2.__repr__,pygorithm.geometry.rect2.Rect2.__repr__.self,pygorithm.geometry.rect2.Rect2
pygorithm.data_structures.quadtree.QuadTreeEntity.__repr__,pygorithm.data_structures.quadtree.QuadTreeEntity.__repr__.self,pygorithm.data_structures.quadtree.QuadTreeEntity
pygorithm.data_structures.quadtree.QuadTree.__repr__,pygorithm.data_structures.quadtree.QuadTree.__repr__.self,pygorithm.data_structures.quadtree.QuadTree
pygorithm.data_structures.quadtree.QuadTree.retrieve_collidables,pygorithm.data_structures.quadtree.QuadTree.retrieve_collidables.entity,pygorithm.data_structures.quadtree.QuadTreeEntity
pygorithm.data_structures.quadtree.QuadTree.retrieve_collidables,pygorithm.data_structures.quadtree.QuadTree.retrieve_collidables.self,pygorithm.data_structures.quadtree.QuadTree
pygorithm.geometry.rect2.Rect2._find_intersection_rects,pygorithm.geometry.rect2.Rect2._find_intersection_rects.rect1,pygorithm.geometry.rect2.Rect2
pygorithm.geometry.rect2.Rect2._find_intersection_rects,pygorithm.geometry.rect2.Rect2._find_intersection_rects.rect2,pygorithm.geometry.rect2.Rect2
pygorithm.geometry.vector2.Vector2.__str__,pygorithm.geometry.vector2.Vector2.__str__.self,pygorithm.geometry.vector2.Vector2
pygorithm.geometry.rect2.Rect2.__str__,pygorithm.geometry.rect2.Rect2.__str__.self,pygorithm.geometry.rect2.Rect2
pygorithm.data_structures.quadtree.QuadTree.__str__,pygorithm.data_structures.quadtree.QuadTree.__str__.self,pygorithm.data_structures.quadtree.QuadTree
pygorithm.data_structures.quadtree.QuadTree.think,pygorithm.data_structures.quadtree.QuadTree.think.self,pygorithm.data_structures.quadtree.QuadTree
pygorithm.data_structures.quadtree.QuadTreeEntity.__str__,pygorithm.data_structures.quadtree.QuadTreeEntity.__str__.self,pygorithm.data_structures.quadtree.QuadTreeEntity
pygorithm.data_structures.queue.Deque.__init__,pygorithm.data_structures.queue.Deque.__init__.self,pygorithm.data_structures.queue.Deque
pygorithm.data_structures.queue.Deque.is_full,pygorithm.data_structures.queue.Deque.is_full.self,pygorithm.data_structures.queue.Deque
pygorithm.data_structures.queue.Deque.insert_front,pygorithm.data_structures.queue.Deque.insert_front.self,pygorithm.data_structures.queue.Deque
pygorithm.data_structures.queue.Deque.insert_rear,pygorithm.data_structures.queue.Deque.insert_rear.self,pygorithm.data_structures.queue.Deque
pygorithm.data_structures.queue.Deque.is_empty,pygorithm.data_structures.queue.Deque.is_empty.self,pygorithm.data_structures.queue.Deque
pygorithm.data_structures.queue.Deque.delete_rear,pygorithm.data_structures.queue.Deque.delete_rear.self,pygorithm.data_structures.queue.Deque
pygorithm.data_structures.queue.Deque.delete_front,pygorithm.data_structures.queue.Deque.delete_front.self,pygorithm.data_structures.queue.Deque
pygorithm.data_structures.trie.Node.__init__,pygorithm.data_structures.trie.Node.__init__.self,pygorithm.data_structures.trie.Node
pygorithm.data_structures.trie.Trie.__init__,pygorithm.data_structures.trie.Trie.__init__.self,pygorithm.data_structures.trie.Trie
pygorithm.data_structures.trie.Node.__init__,pygorithm.data_structures.trie.Node.__init__.p,pygorithm.data_structures.trie.Node
pygorithm.data_structures.trie.Trie.insert,pygorithm.data_structures.trie.Trie.insert.self,pygorithm.data_structures.trie.Trie
pygorithm.data_structures.trie.Trie.find_final_node,pygorithm.data_structures.trie.Trie.find_final_node.self,pygorithm.data_structures.trie.Trie
pygorithm.data_structures.trie.Trie.build_word_list,pygorithm.data_structures.trie.Trie.build_word_list.self,pygorithm.data_structures.trie.Trie
pygorithm.data_structures.trie.Trie.build_word_list,pygorithm.data_structures.trie.Trie.build_word_list.v,pygorithm.data_structures.trie.Node
pygorithm.data_structures.trie.Trie.find_words,pygorithm.data_structures.trie.Trie.find_words.self,pygorithm.data_structures.trie.Trie
pygorithm.data_structures.trie.Trie.search,pygorithm.data_structures.trie.Trie.search.self,pygorithm.data_structures.trie.Trie
pygorithm.geometry.axisall.AxisAlignedLine.__init__,pygorithm.geometry.axisall.AxisAlignedLine.__init__.axis,pygorithm.geometry.vector2.Vector2
pygorithm.geometry.axisall.AxisAlignedLine.__init__,pygorithm.geometry.axisall.AxisAlignedLine.__init__.self,pygorithm.geometry.axisall.AxisAlignedLine
pygorithm.geometry.axisall.AxisAlignedLine.contains_point,pygorithm.geometry.axisall.AxisAlignedLine.contains_point.line,pygorithm.geometry.axisall.AxisAlignedLine
pygorithm.geometry.axisall.AxisAlignedLine.find_intersection,pygorithm.geometry.axisall.AxisAlignedLine.find_intersection.line1,pygorithm.geometry.axisall.AxisAlignedLine
pygorithm.geometry.axisall.AxisAlignedLine.find_intersection,pygorithm.geometry.axisall.AxisAlignedLine.find_intersection.line2,pygorithm.geometry.axisall.AxisAlignedLine
pygorithm.geometry.axisall.AxisAlignedLine.intersects,pygorithm.geometry.axisall.AxisAlignedLine.intersects.line1,pygorithm.geometry.axisall.AxisAlignedLine
pygorithm.geometry.axisall.AxisAlignedLine.intersects,pygorithm.geometry.axisall.AxisAlignedLine.intersects.line2,pygorithm.geometry.axisall.AxisAlignedLine
pygorithm.geometry.axisall.AxisAlignedLine.__repr__,pygorithm.geometry.axisall.AxisAlignedLine.__repr__.self,pygorithm.geometry.axisall.AxisAlignedLine
pygorithm.geometry.axisall.AxisAlignedLine.__str__,pygorithm.geometry.axisall.AxisAlignedLine.__str__.self,pygorithm.geometry.axisall.AxisAlignedLine
pygorithm.geometry.rect_broad_phase.Coord.__init__,pygorithm.geometry.rect_broad_phase.Coord.__init__.self,pygorithm.geometry.rect_broad_phase.Coord
pygorithm.geometry.rect_broad_phase.SimpleRectangle.__init__,pygorithm.geometry.rect_broad_phase.SimpleRectangle.__init__.coord1,pygorithm.geometry.rect_broad_phase.Coord
pygorithm.geometry.rect_broad_phase.SimpleRectangle.__init__,pygorithm.geometry.rect_broad_phase.SimpleRectangle.__init__.coord2,pygorithm.geometry.rect_broad_phase.Coord
pygorithm.geometry.rect_broad_phase.SimpleRectangle.__init__,pygorithm.geometry.rect_broad_phase.SimpleRectangle.__init__.self,pygorithm.geometry.rect_broad_phase.SimpleRectangle
pygorithm.geometry.rect_broad_phase.broad_phase,pygorithm.geometry.rect_broad_phase.broad_phase.simpleRect1,pygorithm.geometry.rect_broad_phase.SimpleRectangle
pygorithm.geometry.rect_broad_phase.broad_phase,pygorithm.geometry.rect_broad_phase.broad_phase.simpleRect2,pygorithm.geometry.rect_broad_phase.SimpleRectangle
pygorithm.geometry.line2.Line2.__init__,pygorithm.geometry.line2.Line2.__init__.end,pygorithm.geometry.vector2.Vector2
pygorithm.geometry.line2.Line2.__init__,pygorithm.geometry.line2.Line2.__init__.self,pygorithm.geometry.line2.Line2
pygorithm.geometry.line2.Line2.__init__,pygorithm.geometry.line2.Line2.__init__.start,pygorithm.geometry.vector2.Vector2
pygorithm.geometry.vector2.Vector2.__sub__,pygorithm.geometry.vector2.Vector2.__sub__.other,pygorithm.geometry.vector2.Vector2
pygorithm.geometry.vector2.Vector2.__sub__,pygorithm.geometry.vector2.Vector2.__sub__.self,pygorithm.geometry.vector2.Vector2
pygorithm.geometry.extrapolated_intersection.calculate_one_moving_line_and_one_stationary_line,pygorithm.geometry.extrapolated_intersection.calculate_one_moving_line_and_one_stationary_line._line2,pygorithm.geometry.line2.Line2
pygorithm.geometry.extrapolated_intersection.calculate_one_moving_line_and_one_stationary_line,pygorithm.geometry.extrapolated_intersection.calculate_one_moving_line_and_one_stationary_line.line1,pygorithm.geometry.line2.Line2
pygorithm.geometry.extrapolated_intersection.calculate_one_moving_line_and_one_stationary_line,pygorithm.geometry.extrapolated_intersection.calculate_one_moving_line_and_one_stationary_line.offset1,pygorithm.geometry.vector2.Vector2
pygorithm.geometry.extrapolated_intersection.calculate_one_moving_line_and_one_stationary_line,pygorithm.geometry.extrapolated_intersection.calculate_one_moving_line_and_one_stationary_line.offset2,pygorithm.geometry.vector2.Vector2
pygorithm.geometry.extrapolated_intersection.calculate_one_moving_line_and_one_stationary_line,pygorithm.geometry.extrapolated_intersection.calculate_one_moving_line_and_one_stationary_line.velocity1,pygorithm.geometry.vector2.Vector2
pygorithm.geometry.line2.Line2.__str__,pygorithm.geometry.line2.Line2.__str__.self,pygorithm.geometry.line2.Line2
pygorithm.geometry.vector2.Vector2.magnitude_squared,pygorithm.geometry.vector2.Vector2.magnitude_squared.self,pygorithm.geometry.vector2.Vector2
pygorithm.geometry.vector2.Vector2.magnitude,pygorithm.geometry.vector2.Vector2.magnitude.self,pygorithm.geometry.vector2.Vector2
pygorithm.geometry.vector2.Vector2.__mul__,pygorithm.geometry.vector2.Vector2.__mul__.self,pygorithm.geometry.vector2.Vector2
pygorithm.geometry.vector2.Vector2.normalize,pygorithm.geometry.vector2.Vector2.normalize.self,pygorithm.geometry.vector2.Vector2
test_geometry.TestExtrapolatedIntersection._calc_one_moving_line_one_stat_line_fuzzer,test_geometry.TestExtrapolatedIntersection._calc_one_moving_line_one_stat_line_fuzzer.vel1tuporvec,pygorithm.geometry.vector2.Vector2
pygorithm.geometry.vector2.Vector2.__add__,pygorithm.geometry.vector2.Vector2.__add__.other,pygorithm.geometry.vector2.Vector2
pygorithm.geometry.vector2.Vector2.__add__,pygorithm.geometry.vector2.Vector2.__add__.self,pygorithm.geometry.vector2.Vector2
pygorithm.geometry.line2.Line2.delta,pygorithm.geometry.line2.Line2.delta.self,pygorithm.geometry.line2.Line2
pygorithm.geometry.line2.Line2.magnitude_squared,pygorithm.geometry.line2.Line2.magnitude_squared.self,pygorithm.geometry.line2.Line2
pygorithm.geometry.line2.Line2.magnitude,pygorithm.geometry.line2.Line2.magnitude.self,pygorithm.geometry.line2.Line2
pygorithm.geometry.line2.Line2.axis,pygorithm.geometry.line2.Line2.axis.self,pygorithm.geometry.line2.Line2
pygorithm.geometry.line2.Line2.normal,pygorithm.geometry.line2.Line2.normal.self,pygorithm.geometry.line2.Line2
pygorithm.geometry.polygon2.Polygon2.area,pygorithm.geometry.polygon2.Polygon2.area.self,pygorithm.geometry.polygon2.Polygon2
pygorithm.geometry.polygon2.Polygon2.__init__,pygorithm.geometry.polygon2.Polygon2.__init__.self,pygorithm.geometry.polygon2.Polygon2
pygorithm.geometry.vector2.Vector2.cross,pygorithm.geometry.vector2.Vector2.cross.other,pygorithm.geometry.vector2.Vector2
pygorithm.geometry.vector2.Vector2.cross,pygorithm.geometry.vector2.Vector2.cross.self,pygorithm.geometry.vector2.Vector2
pygorithm.geometry.polygon2.Polygon2.__repr__,pygorithm.geometry.polygon2.Polygon2.__repr__.self,pygorithm.geometry.polygon2.Polygon2
pygorithm.geometry.extrapolated_intersection.calculate_one_moving_one_stationary_along_path,pygorithm.geometry.extrapolated_intersection.calculate_one_moving_one_stationary_along_path.poly1,pygorithm.geometry.polygon2.Polygon2
pygorithm.geometry.extrapolated_intersection.calculate_one_moving_one_stationary_along_path,pygorithm.geometry.extrapolated_intersection.calculate_one_moving_one_stationary_along_path.poly1_end,pygorithm.geometry.vector2.Vector2
pygorithm.geometry.extrapolated_intersection.calculate_one_moving_one_stationary_along_path,pygorithm.geometry.extrapolated_intersection.calculate_one_moving_one_stationary_along_path.poly1_start,pygorithm.geometry.vector2.Vector2
pygorithm.geometry.extrapolated_intersection.calculate_one_moving_one_stationary_along_path,pygorithm.geometry.extrapolated_intersection.calculate_one_moving_one_stationary_along_path.poly2,pygorithm.geometry.polygon2.Polygon2
pygorithm.geometry.extrapolated_intersection.calculate_one_moving_one_stationary_along_path,pygorithm.geometry.extrapolated_intersection.calculate_one_moving_one_stationary_along_path.poly2_offset,pygorithm.geometry.vector2.Vector2
pygorithm.geometry.extrapolated_intersection.calculate_one_moving_one_stationary_distancelimit,pygorithm.geometry.extrapolated_intersection.calculate_one_moving_one_stationary_distancelimit.poly1,pygorithm.geometry.polygon2.Polygon2
pygorithm.geometry.extrapolated_intersection.calculate_one_moving_one_stationary_distancelimit,pygorithm.geometry.extrapolated_intersection.calculate_one_moving_one_stationary_distancelimit.poly1_offset,pygorithm.geometry.vector2.Vector2
pygorithm.geometry.extrapolated_intersection.calculate_one_moving_one_stationary_distancelimit,pygorithm.geometry.extrapolated_intersection.calculate_one_moving_one_stationary_distancelimit.poly1_velocity,pygorithm.geometry.vector2.Vector2
pygorithm.geometry.extrapolated_intersection.calculate_one_moving_one_stationary_distancelimit,pygorithm.geometry.extrapolated_intersection.calculate_one_moving_one_stationary_distancelimit.poly2,pygorithm.geometry.polygon2.Polygon2
pygorithm.geometry.extrapolated_intersection.calculate_one_moving_one_stationary_distancelimit,pygorithm.geometry.extrapolated_intersection.calculate_one_moving_one_stationary_distancelimit.poly2_offset,pygorithm.geometry.vector2.Vector2
pygorithm.geometry.extrapolated_intersection.calculate_one_moving_and_one_stationary,pygorithm.geometry.extrapolated_intersection.calculate_one_moving_and_one_stationary.poly1,pygorithm.geometry.polygon2.Polygon2
pygorithm.geometry.extrapolated_intersection.calculate_one_moving_and_one_stationary,pygorithm.geometry.extrapolated_intersection.calculate_one_moving_and_one_stationary.poly1_offset,pygorithm.geometry.vector2.Vector2
pygorithm.geometry.extrapolated_intersection.calculate_one_moving_and_one_stationary,pygorithm.geometry.extrapolated_intersection.calculate_one_moving_and_one_stationary.poly1_velocity,pygorithm.geometry.vector2.Vector2
pygorithm.geometry.extrapolated_intersection.calculate_one_moving_and_one_stationary,pygorithm.geometry.extrapolated_intersection.calculate_one_moving_and_one_stationary.poly2,pygorithm.geometry.polygon2.Polygon2
pygorithm.geometry.extrapolated_intersection.calculate_one_moving_and_one_stationary,pygorithm.geometry.extrapolated_intersection.calculate_one_moving_and_one_stationary.poly2_offset,pygorithm.geometry.vector2.Vector2
test_geometry.TestExtrapolatedIntersection._calc_one_moving_one_stat_fuzzer,test_geometry.TestExtrapolatedIntersection._calc_one_moving_one_stat_fuzzer.vel1tuporvec,pygorithm.geometry.vector2.Vector2
pygorithm.geometry.extrapolated_intersection.calculate_one_moving_point_and_one_stationary_line,pygorithm.geometry.extrapolated_intersection.calculate_one_moving_point_and_one_stationary_line.line,pygorithm.geometry.line2.Line2
pygorithm.geometry.extrapolated_intersection.calculate_one_moving_point_and_one_stationary_line,pygorithm.geometry.extrapolated_intersection.calculate_one_moving_point_and_one_stationary_line.offset,pygorithm.geometry.vector2.Vector2
pygorithm.geometry.extrapolated_intersection.calculate_one_moving_point_and_one_stationary_line,pygorithm.geometry.extrapolated_intersection.calculate_one_moving_point_and_one_stationary_line.point,pygorithm.geometry.vector2.Vector2
pygorithm.geometry.extrapolated_intersection.calculate_one_moving_point_and_one_stationary_line,pygorithm.geometry.extrapolated_intersection.calculate_one_moving_point_and_one_stationary_line.velocity,pygorithm.geometry.vector2.Vector2
test_geometry.TestExtrapolatedIntersection._calc_one_moving_point_one_stat_line_fuzzer,test_geometry.TestExtrapolatedIntersection._calc_one_moving_point_one_stat_line_fuzzer.line,pygorithm.geometry.line2.Line2
test_geometry.TestExtrapolatedIntersection._calc_one_moving_point_one_stat_line_fuzzer,test_geometry.TestExtrapolatedIntersection._calc_one_moving_point_one_stat_line_fuzzer.pt,pygorithm.geometry.vector2.Vector2
test_geometry.TestExtrapolatedIntersection._calc_one_moving_point_one_stat_line_fuzzer,test_geometry.TestExtrapolatedIntersection._calc_one_moving_point_one_stat_line_fuzzer.vel,pygorithm.geometry.vector2.Vector2
pygorithm.geometry.line2.Line2.vertical,pygorithm.geometry.line2.Line2.vertical.self,pygorithm.geometry.line2.Line2
pygorithm.geometry.line2.Line2.slope,pygorithm.geometry.line2.Line2.slope.self,pygorithm.geometry.line2.Line2
pygorithm.geometry.line2.Line2.are_parallel,pygorithm.geometry.line2.Line2.are_parallel.line1,pygorithm.geometry.line2.Line2
pygorithm.geometry.line2.Line2.are_parallel,pygorithm.geometry.line2.Line2.are_parallel.line2,pygorithm.geometry.line2.Line2
pygorithm.geometry.line2.Line2.calculate_y_intercept,pygorithm.geometry.line2.Line2.calculate_y_intercept.offset,pygorithm.geometry.vector2.Vector2
pygorithm.geometry.line2.Line2.calculate_y_intercept,pygorithm.geometry.line2.Line2.calculate_y_intercept.self,pygorithm.geometry.line2.Line2
pygorithm.geometry.line2.Line2.min_x,pygorithm.geometry.line2.Line2.min_x.self,pygorithm.geometry.line2.Line2
pygorithm.geometry.line2.Line2.max_x,pygorithm.geometry.line2.Line2.max_x.self,pygorithm.geometry.line2.Line2
pygorithm.geometry.line2.Line2.horizontal,pygorithm.geometry.line2.Line2.horizontal.self,pygorithm.geometry.line2.Line2
pygorithm.geometry.line2.Line2.contains_point,pygorithm.geometry.line2.Line2.contains_point.line,pygorithm.geometry.line2.Line2
pygorithm.geometry.line2.Line2.contains_point,pygorithm.geometry.line2.Line2.contains_point.offset,pygorithm.geometry.vector2.Vector2
pygorithm.geometry.line2.Line2.contains_point,pygorithm.geometry.line2.Line2.contains_point.point,pygorithm.geometry.vector2.Vector2
pygorithm.geometry.line2.Line2.y_intercept,pygorithm.geometry.line2.Line2.y_intercept.self,pygorithm.geometry.line2.Line2
pygorithm.geometry.line2.Line2.__repr__,pygorithm.geometry.line2.Line2.__repr__.self,pygorithm.geometry.line2.Line2
pygorithm.geometry.line2.Line2.find_intersection,pygorithm.geometry.line2.Line2.find_intersection.line1,pygorithm.geometry.line2.Line2
pygorithm.geometry.line2.Line2.find_intersection,pygorithm.geometry.line2.Line2.find_intersection.line2,pygorithm.geometry.line2.Line2
pygorithm.geometry.line2.Line2.find_intersection,pygorithm.geometry.line2.Line2.find_intersection.offset1,pygorithm.geometry.vector2.Vector2
pygorithm.geometry.line2.Line2.find_intersection,pygorithm.geometry.line2.Line2.find_intersection.offset2,pygorithm.geometry.vector2.Vector2
test_geometry.TestLine2._find_intr_fuzzer,test_geometry.TestLine2._find_intr_fuzzer.exp_intr,pygorithm.geometry.vector2.Vector2|pygorithm.geometry.line2.Line2
test_geometry.TestLine2._find_intr_fuzzer,test_geometry.TestLine2._find_intr_fuzzer.v1,pygorithm.geometry.vector2.Vector2
test_geometry.TestLine2._find_intr_fuzzer,test_geometry.TestLine2._find_intr_fuzzer.v2,pygorithm.geometry.vector2.Vector2
test_geometry.TestLine2._find_intr_fuzzer,test_geometry.TestLine2._find_intr_fuzzer.v3,pygorithm.geometry.vector2.Vector2
test_geometry.TestLine2._find_intr_fuzzer,test_geometry.TestLine2._find_intr_fuzzer.v4,pygorithm.geometry.vector2.Vector2
pygorithm.geometry.line2.Line2.min_y,pygorithm.geometry.line2.Line2.min_y.self,pygorithm.geometry.line2.Line2
pygorithm.geometry.line2.Line2.max_y,pygorithm.geometry.line2.Line2.max_y.self,pygorithm.geometry.line2.Line2
pygorithm.geometry.polygon2.Polygon2.__str__,pygorithm.geometry.polygon2.Polygon2.__str__.self,pygorithm.geometry.polygon2.Polygon2
pygorithm.geometry.polygon2.Polygon2.contains_point,pygorithm.geometry.polygon2.Polygon2.contains_point.offset,pygorithm.geometry.vector2.Vector2
pygorithm.geometry.polygon2.Polygon2.contains_point,pygorithm.geometry.polygon2.Polygon2.contains_point.point,pygorithm.geometry.vector2.Vector2
pygorithm.geometry.polygon2.Polygon2.contains_point,pygorithm.geometry.polygon2.Polygon2.contains_point.polygon,pygorithm.geometry.polygon2.Polygon2
test_geometry.TestPolygon._contains_point_fuzzer,test_geometry.TestPolygon._contains_point_fuzzer.point,pygorithm.geometry.vector2.Vector2
pygorithm.geometry.vector2.Vector2.dot,pygorithm.geometry.vector2.Vector2.dot.other,pygorithm.geometry.vector2.Vector2
pygorithm.geometry.vector2.Vector2.dot,pygorithm.geometry.vector2.Vector2.dot.self,pygorithm.geometry.vector2.Vector2
pygorithm.geometry.polygon2.Polygon2.project_onto_axis,pygorithm.geometry.polygon2.Polygon2.project_onto_axis.axis,pygorithm.geometry.vector2.Vector2
pygorithm.geometry.polygon2.Polygon2.project_onto_axis,pygorithm.geometry.polygon2.Polygon2.project_onto_axis.offset,pygorithm.geometry.vector2.Vector2
pygorithm.geometry.polygon2.Polygon2.project_onto_axis,pygorithm.geometry.polygon2.Polygon2.project_onto_axis.polygon,pygorithm.geometry.polygon2.Polygon2
pygorithm.geometry.polygon2.Polygon2.find_intersection,pygorithm.geometry.polygon2.Polygon2.find_intersection.offset1,pygorithm.geometry.vector2.Vector2
pygorithm.geometry.polygon2.Polygon2.find_intersection,pygorithm.geometry.polygon2.Polygon2.find_intersection.offset2,pygorithm.geometry.vector2.Vector2
pygorithm.geometry.polygon2.Polygon2.find_intersection,pygorithm.geometry.polygon2.Polygon2.find_intersection.poly1,pygorithm.geometry.polygon2.Polygon2
pygorithm.geometry.polygon2.Polygon2.find_intersection,pygorithm.geometry.polygon2.Polygon2.find_intersection.poly2,pygorithm.geometry.polygon2.Polygon2
test_geometry.TestPolygon._find_intersection_fuzzer,test_geometry.TestPolygon._find_intersection_fuzzer.points1,pygorithm.geometry.polygon2.Polygon2
test_geometry.TestPolygon._find_intersection_fuzzer,test_geometry.TestPolygon._find_intersection_fuzzer.points2,pygorithm.geometry.polygon2.Polygon2
pygorithm.geometry.polygon2.Polygon2.from_regular,pygorithm.geometry.polygon2.Polygon2.from_regular.center,pygorithm.geometry.vector2.Vector2
pygorithm.geometry.polygon2.Polygon2.from_rotated,pygorithm.geometry.polygon2.Polygon2.from_rotated.original,pygorithm.geometry.polygon2.Polygon2
test_geometry.TestPolygon._proj_onto_axis_fuzzer,test_geometry.TestPolygon._proj_onto_axis_fuzzer.axis,pygorithm.geometry.vector2.Vector2
test_geometry.TestPolygon._proj_onto_axis_fuzzer,test_geometry.TestPolygon._proj_onto_axis_fuzzer.expected,pygorithm.geometry.axisall.AxisAlignedLine
pygorithm.geometry.rect2.Rect2.area,pygorithm.geometry.rect2.Rect2.area.self,pygorithm.geometry.rect2.Rect2
pygorithm.geometry.rect2.Rect2.contains_point,pygorithm.geometry.rect2.Rect2.contains_point.point,pygorithm.geometry.vector2.Vector2
pygorithm.geometry.rect2.Rect2.contains_point,pygorithm.geometry.rect2.Rect2.contains_point.rect,pygorithm.geometry.rect2.Rect2
pygorithm.geometry.rect2.Rect2.polygon,pygorithm.geometry.rect2.Rect2.polygon.self,pygorithm.geometry.rect2.Rect2
pygorithm.geometry.rect2.Rect2._find_intersection_poly_rect,pygorithm.geometry.rect2.Rect2._find_intersection_poly_rect.offset,pygorithm.geometry.vector2.Vector2
pygorithm.geometry.rect2.Rect2._find_intersection_poly_rect,pygorithm.geometry.rect2.Rect2._find_intersection_poly_rect.poly,pygorithm.geometry.polygon2.Polygon2
pygorithm.geometry.rect2.Rect2._find_intersection_poly_rect,pygorithm.geometry.rect2.Rect2._find_intersection_poly_rect.rect,pygorithm.geometry.rect2.Rect2
pygorithm.geometry.rect2.Rect2._find_intersection_rect_poly,pygorithm.geometry.rect2.Rect2._find_intersection_rect_poly.offset,pygorithm.geometry.vector2.Vector2
pygorithm.geometry.rect2.Rect2._find_intersection_rect_poly,pygorithm.geometry.rect2.Rect2._find_intersection_rect_poly.poly,pygorithm.geometry.polygon2.Polygon2
pygorithm.geometry.rect2.Rect2._find_intersection_rect_poly,pygorithm.geometry.rect2.Rect2._find_intersection_rect_poly.rect,pygorithm.geometry.rect2.Rect2
pygorithm.geometry.rect2.Rect2.project_onto_axis,pygorithm.geometry.rect2.Rect2.project_onto_axis.axis,pygorithm.geometry.vector2.Vector2
pygorithm.geometry.rect2.Rect2.project_onto_axis,pygorithm.geometry.rect2.Rect2.project_onto_axis.rect,pygorithm.geometry.rect2.Rect2
pygorithm.geometry.vector2.Vector2.__mul__,pygorithm.geometry.vector2.Vector2.__mul__.scale_factor,pygorithm.geometry.vector2.Vector2
pygorithm.geometry.vector2.Vector2.__rmul__,pygorithm.geometry.vector2.Vector2.__rmul__.self,pygorithm.geometry.vector2.Vector2
pygorithm.geometry.vector2.Vector2.rotate,pygorithm.geometry.vector2.Vector2.rotate.self,pygorithm.geometry.vector2.Vector2
pygorithm.math.matrix_operations.Matrix.__init__,pygorithm.math.matrix_operations.Matrix.__init__.self,pygorithm.math.matrix_operations.Matrix
pygorithm.math.matrix_operations.Matrix.add,pygorithm.math.matrix_operations.Matrix.add.self,pygorithm.math.matrix_operations.Matrix
pygorithm.math.matrix_operations.Matrix.subtract,pygorithm.math.matrix_operations.Matrix.subtract.self,pygorithm.math.matrix_operations.Matrix
pygorithm.math.matrix_operations.Matrix.multiply,pygorithm.math.matrix_operations.Matrix.multiply.self,pygorithm.math.matrix_operations.Matrix
pygorithm.math.matrix_operations.Matrix.rotate,pygorithm.math.matrix_operations.Matrix.rotate.self,pygorithm.math.matrix_operations.Matrix
pygorithm.math.matrix_operations.Matrix.transpose,pygorithm.math.matrix_operations.Matrix.transpose.self,pygorithm.math.matrix_operations.Matrix
pygorithm.math.matrix_operations.Matrix.count_unique_paths,pygorithm.math.matrix_operations.Matrix.count_unique_paths.self,pygorithm.math.matrix_operations.Matrix
test_pathing.SimplePathfindingTestCaseTimed.find_path,test_pathing.SimplePathfindingTestCaseTimed.find_path.my_graph,pygorithm.data_structures.graph.WeightedUndirectedGraph
pygorithm.pathfinding.astar.BiDirectionalAStar.__init__,pygorithm.pathfinding.astar.BiDirectionalAStar.__init__.self,pygorithm.pathfinding.astar.BiDirectionalAStar
pygorithm.pathfinding.astar.BiDirectionalAStar._evaluate_from_start,pygorithm.pathfinding.astar.BiDirectionalAStar._evaluate_from_start.graph,pygorithm.data_structures.graph.WeightedUndirectedGraph
pygorithm.pathfinding.astar.BiDirectionalAStar._evaluate_from_start,pygorithm.pathfinding.astar.BiDirectionalAStar._evaluate_from_start.self,pygorithm.pathfinding.astar.BiDirectionalAStar
pygorithm.pathfinding.astar.BiDirectionalAStar._evaluate_from_end,pygorithm.pathfinding.astar.BiDirectionalAStar._evaluate_from_end.graph,pygorithm.data_structures.graph.WeightedUndirectedGraph
pygorithm.pathfinding.astar.BiDirectionalAStar._evaluate_from_end,pygorithm.pathfinding.astar.BiDirectionalAStar._evaluate_from_end.self,pygorithm.pathfinding.astar.BiDirectionalAStar
pygorithm.pathfinding.astar.BiDirectionalAStar.find_path,pygorithm.pathfinding.astar.BiDirectionalAStar.find_path.graph,pygorithm.data_structures.graph.WeightedUndirectedGraph
pygorithm.pathfinding.astar.BiDirectionalAStar.find_path,pygorithm.pathfinding.astar.BiDirectionalAStar.find_path.self,pygorithm.pathfinding.astar.BiDirectionalAStar
test_pathing.TestAStarBiDirectionalTimed.find_path,test_pathing.TestAStarBiDirectionalTimed.find_path.my_graph,pygorithm.data_structures.graph.WeightedUndirectedGraph
pygorithm.pathfinding.astar.OneDirectionalAStar.__init__,pygorithm.pathfinding.astar.OneDirectionalAStar.__init__.self,pygorithm.pathfinding.astar.OneDirectionalAStar
pygorithm.pathfinding.astar.OneDirectionalAStar.find_path,pygorithm.pathfinding.astar.OneDirectionalAStar.find_path.graph,pygorithm.data_structures.graph.WeightedUndirectedGraph
pygorithm.pathfinding.astar.OneDirectionalAStar.find_path,pygorithm.pathfinding.astar.OneDirectionalAStar.find_path.self,pygorithm.pathfinding.astar.OneDirectionalAStar
test_pathing.TestAStarUnidirectionalTimed.find_path,test_pathing.TestAStarUnidirectionalTimed.find_path.my_graph,pygorithm.data_structures.graph.WeightedUndirectedGraph
pygorithm.pathfinding.dijkstra.Dijkstra.__init__,pygorithm.pathfinding.dijkstra.Dijkstra.__init__.self,pygorithm.pathfinding.dijkstra.Dijkstra
pygorithm.pathfinding.dijkstra.Dijkstra.find_path,pygorithm.pathfinding.dijkstra.Dijkstra.find_path.graph,pygorithm.data_structures.graph.WeightedUndirectedGraph
pygorithm.pathfinding.dijkstra.Dijkstra.find_path,pygorithm.pathfinding.dijkstra.Dijkstra.find_path.self,pygorithm.pathfinding.dijkstra.Dijkstra
test_pathing.TestDijkstraTimed.find_path,test_pathing.TestDijkstraTimed.find_path.my_graph,pygorithm.data_structures.graph.WeightedUndirectedGraph
