id,label
0,tests/test_web_log.py
1,aiohttp/web_request.py
2,aiohttp/web_runner.py
3,aiohttp/web_log.py
4,examples/web_rewrite_headers_middleware.py
5,tests/test_route_def.py
6,tests/test_client_request.py
7,aiohttp/http_exceptions.py
8,tests/test_websocket_parser.py
9,tests/test_web_response.py
10,tests/test_client_functional.py
11,aiohttp/web_middlewares.py
12,tests/test_web_functional.py
13,aiohttp/client_exceptions.py
14,tests/test_web_request.py
15,tests/test_websocket_handshake.py
16,tests/test_http_writer.py
17,aiohttp/tracing.py
18,tests/test_websocket_writer.py
19,aiohttp/test_utils.py
20,tests/test_proxy.py
21,tests/conftest.py
22,aiohttp/web_routedef.py
23,tests/test_run_app.py
24,aiohttp/web_ws.py
25,tests/test_http_parser.py
26,tests/test_web_app.py
27,aiohttp/typedefs.py
28,aiohttp/client.py
29,tests/test_web_urldispatcher.py
30,tests/test_client_ws.py
31,aiohttp/web_response.py
32,aiohttp/web_fileresponse.py
33,tests/test_loop.py
34,aiohttp/payload.py
35,tests/test_web_websocket_functional.py
36,aiohttp/web_urldispatcher.py
37,aiohttp/abc.py
38,tests/test_web_middleware.py
39,aiohttp/web_app.py
40,aiohttp/http.py
41,aiohttp/http_parser.py
42,tests/test_urldispatch.py
43,tests/test_client_proto.py
44,aiohttp/cookiejar.py
45,tests/test_web_sendfile.py
46,aiohttp/client_ws.py
47,aiohttp/http_websocket.py
48,aiohttp/__init__.py
49,tests/test_client_response.py
50,aiohttp/resolver.py
51,tests/test_client_connection.py
52,aiohttp/multipart.py
53,tests/test_helpers.py
54,aiohttp/helpers.py
55,tests/test_resolver.py
56,aiohttp/connector.py
57,aiohttp/web.py
58,tests/test_web_runner.py
59,aiohttp/base_protocol.py
60,aiohttp/web_server.py
61,tests/test_tcp_helpers.py
62,tests/test_test_utils.py
63,tests/test_classbasedview.py
64,tests/test_web_websocket.py
65,aiohttp/web_exceptions.py
66,tests/test_web_request_handler.py
67,tests/test_locks.py
68,aiohttp/http_writer.py
69,tests/test_connector.py
70,aiohttp/formdata.py
71,tests/test_tracing.py
72,aiohttp/worker.py
73,aiohttp/pytest_plugin.py
74,tests/test_client_session.py
75,aiohttp/web_protocol.py
76,tests/test_multipart.py
77,examples/fake_server.py
78,aiohttp/client_reqrep.py
79,tests/test_client_ws_functional.py
80,aiohttp/streams.py
81,tests/test_proxy_functional.py
82,aiohttp/client_proto.py
83,tests/test_base_protocol.py
84,examples/lowlevel_srv.py
85,aiohttp/hdrs.py
86,tests/autobahn/test_autobahn.py
87,examples/web_srv_route_table.py
88,tests/test_client_fingerprint.py
89,examples/legacy/tcp_protocol_parser.py
90,tools/check_sum.py
91,examples/cli_app.py
92,tests/test_cookiejar.py
93,tools/gen.py
94,examples/legacy/crawl.py
95,examples/web_classview.py
96,tests/test_payload.py
97,tests/test_worker.py
98,tests/autobahn/server/server.py
99,examples/web_cookies.py
100,examples/client_auth.py
101,examples/web_srv_route_deco.py
102,tests/test_formdata.py
103,tests/test_client_exceptions.py
104,tests/test_pytest_plugin.py
105,examples/client_ws.py
106,examples/static_files.py
107,tests/test_multipart_helpers.py
108,tools/bench-asyncio-write.py
109,examples/legacy/srv.py
110,tests/test_web_sendfile_functional.py
111,docs/conf.py
112,aiohttp/log.py
113,setup.py
114,tests/test_web_server.py
115,tools/check_changes.py
116,tools/cleanup_changes.py
117,aiohttp/tcp_helpers.py
118,examples/curl.py
119,tests/test_flowcontrol_streams.py
120,examples/web_ws.py
121,examples/client_json.py
122,examples/server_simple.py
123,tests/autobahn/client/client.py
124,tests/test_http_exceptions.py
125,tests/test_web_exceptions.py
126,aiohttp/locks.py
127,tests/test_web_cli.py
128,examples/background_tasks.py
129,tests/test_streams.py
130,examples/web_srv.py
